1488691922.56255,-1,551.0,-48.0,79.0,37.212,7171.0,2860.0,171.0
1488691922.786508,8,411.0,-45.0,84.0,37.118,8138.0,428.0,7379.0
1488691923.010703,8,262.0,-45.0,94.0,36.506,193.0,-401.0,6915.0
1488691923.298279,0,115.0,-50.0,90.0,37.262,1182.0,236.0,-509.0
1488691923.521968,8,22.0,-54.0,90.0,36.506,-1.0,-48.0,-39.0
1488691923.745631,8,-36.0,-57.0,88.0,36.553,-302.0,-354.0,-253.0
1488691924.031687,0,-81.0,-56.0,85.0,37.268,-289.0,768.0,-765.0
1488691924.269831,8,-93.0,-56.0,86.0,37.165,779.0,-871.0,697.0
1488691924.494332,8,-102.0,-57.0,87.0,37.212,769.0,-282.0,259.0
1488691924.781299,3,-110.0,-58.0,87.0,38.009,-290.0,-256.0,1543.0
1488691925.005285,8,-109.0,-62.0,91.0,38.003,263.0,-768.0,259.0
1488691925.228066,8,-105.0,-63.0,90.0,37.212,-59.0,-12.0,-253.0
1488691925.45201,8,-98.0,-64.0,91.0,37.165,903.0,-1536.0,190.0
1488691925.675649,8,-92.0,-64.0,91.0,37.165,1027.0,3.0,3.0
1488691925.90011,8,-83.0,-65.0,90.0,37.262,914.0,426.0,227.0
1488691926.12213,8,-77.0,-63.0,89.0,36.553,-1.0,422.0,-253.0
1488691926.345839,8,-69.0,-63.0,88.0,37.212,255.0,183.0,-15.0
1488691926.569072,8,-62.0,-63.0,87.0,36.506,-108.0,138.0,-112.0
1488691926.856,4,-55.0,-63.0,86.0,37.165,199.0,219.0,-18.0
1488691927.079499,8,-44.0,-62.0,86.0,37.165,1281.0,-253.0,486.0
1488691927.303209,8,-37.0,-61.0,85.0,37.165,255.0,409.0,-253.0
1488691927.590839,2,-32.0,-61.0,85.0,37.165,-336.0,-256.0,-45.0
1488691927.814881,8,-24.0,-61.0,84.0,37.259,-256.0,-14.0,179.0
1488691928.036869,8,-19.0,-61.0,83.0,36.506,3.0,3.0,3.0
1488691928.324334,3,-14.0,-62.0,83.0,36.506,-38.0,-255.0,3.0
1488691928.548255,8,-8.0,-61.0,82.0,37.212,-249.0,259.0,259.0
1488691928.774323,8,-5.0,-60.0,83.0,37.165,-286.0,-32.0,-102.0
1488691929.07431,3,-2.0,-61.0,82.0,37.212,-45.0,3.0,3.0
1488691929.298184,8,1.0,-60.0,81.0,36.506,-512.0,259.0,151.0
1488691929.521283,8,4.0,-59.0,81.0,37.165,255.0,259.0,-98.0
1488691929.808769,5,5.0,-59.0,82.0,37.259,255.0,173.0,3.0
1488691930.032144,8,6.0,-60.0,83.0,38.009,-48.0,-59.0,3.0
1488691930.255763,8,6.0,-60.0,83.0,36.506,-253.0,3.0,-19.0
1488691930.543106,5,7.0,-60.0,83.0,38.009,-116.0,3.0,3.0
1488691930.766846,8,7.0,-61.0,84.0,36.506,0.0,0.0,3.0
1488691930.990717,8,7.0,-61.0,84.0,36.506,-79.0,3.0,-24.0
1488691931.213645,8,7.0,-61.0,84.0,37.165,-11.0,0.0,-19.0
1488691931.436972,8,7.0,-61.0,84.0,38.009,0.0,-18.0,3.0
1488691931.661039,8,7.0,-61.0,85.0,37.259,0.0,3.0,3.0
1488691931.9479,2,6.0,-60.0,85.0,36.506,3.0,153.0,3.0
1488691932.171057,8,7.0,-60.0,85.0,37.279,-148.0,256.0,475.0
1488691932.394431,8,7.0,-60.0,85.0,36.506,-51.0,-238.0,3.0
1488691932.681993,7,6.0,-61.0,85.0,37.268,-1.0,-250.0,-84.0
1488691932.906849,8,6.0,-61.0,85.0,37.268,255.0,0.0,-6.0
1488691933.129123,8,6.0,-60.0,85.0,37.279,255.0,256.0,-32.0
1488691933.41711,0,6.0,-60.0,85.0,37.268,-65.0,0.0,-45.0
1488691933.639338,8,6.0,-60.0,84.0,37.268,-70.0,3.0,3.0
1488691933.863232,8,5.0,-59.0,84.0,37.268,-62.0,256.0,-37.0
1488691934.15046,1,5.0,-60.0,85.0,36.506,-107.0,0.0,-23.0
1488691934.374174,8,5.0,-60.0,84.0,37.259,-20.0,3.0,3.0
1488691934.597365,8,5.0,-59.0,84.0,37.259,-9.0,149.0,3.0
1488691934.884519,4,5.0,-60.0,84.0,37.268,3.0,0.0,3.0
1488691935.108191,8,7.0,-61.0,85.0,38.009,1484.0,-44.0,1027.0
1488691935.331703,8,7.0,-60.0,84.0,38.009,256.0,-54.0,3.0
1488691935.618929,7,7.0,-60.0,84.0,38.009,156.0,-253.0,259.0
1488691935.842227,8,7.0,-58.0,84.0,37.291,141.0,515.0,-365.0
1488691936.066177,8,6.0,-57.0,83.0,37.265,-625.0,768.0,-253.0
1488691936.353166,0,8.0,-55.0,84.0,37.265,1512.0,697.0,664.0
1488691936.577227,8,7.0,-57.0,83.0,37.268,-308.0,0.0,-509.0
1488691936.799947,8,6.0,-56.0,82.0,37.268,-5.0,768.0,-295.0
1488691937.023297,8,6.0,-56.0,83.0,36.506,-630.0,122.0,495.0
1488691937.246901,8,6.0,-59.0,82.0,37.997,1.0,-509.0,259.0
1488691937.471094,8,6.0,-60.0,82.0,38.009,-74.0,-256.0,-255.0
1488691937.757665,5,5.0,-60.0,83.0,38.009,0.0,-59.0,3.0
1488691937.981643,8,5.0,-60.0,83.0,37.259,-30.0,0.0,-5.0
1488691938.206477,8,5.0,-59.0,83.0,38.009,-120.0,3.0,-71.0
1488691938.492231,2,5.0,-59.0,83.0,37.268,-96.0,3.0,-74.0
1488691938.715452,8,5.0,-58.0,82.0,37.262,-364.0,481.0,3.0
1488691938.938678,8,5.0,-58.0,82.0,37.262,-92.0,246.0,-96.0
1488691939.226169,4,5.0,-59.0,83.0,37.259,-80.0,0.0,3.0
1488691939.44962,8,7.0,-58.0,82.0,37.271,1533.0,1024.0,-765.0
1488691939.672963,8,6.0,-59.0,82.0,37.259,-627.0,182.0,-62.0
1488691939.960828,1,5.0,-59.0,83.0,38.009,-59.0,-55.0,217.0
1488691940.184456,8,6.0,-59.0,83.0,37.259,0.0,0.0,3.0
1488691940.407321,8,5.0,-60.0,83.0,38.009,-88.0,-97.0,3.0
1488691940.696073,3,5.0,-59.0,84.0,37.259,-103.0,0.0,-49.0
1488691940.91811,8,6.0,-59.0,83.0,37.268,-253.0,169.0,3.0
1488691941.141203,8,6.0,-59.0,83.0,37.259,154.0,3.0,3.0
1488691941.365588,8,6.0,-60.0,83.0,38.009,-1.0,-256.0,-11.0
1488691941.588316,8,6.0,-59.0,83.0,37.268,0.0,3.0,3.0
1488691941.811916,8,6.0,-59.0,84.0,38.009,-14.0,3.0,3.0
1488691942.099347,3,6.0,-59.0,83.0,37.268,-48.0,3.0,-77.0
1488691942.323289,8,7.0,-59.0,82.0,37.259,-86.0,162.0,245.0
1488691942.546031,8,7.0,-59.0,82.0,37.259,-79.0,0.0,-30.0
1488691942.833413,4,6.0,-58.0,83.0,37.279,-116.0,7.0,-97.0
1488691943.056679,8,9.0,-56.0,81.0,37.326,1714.0,1450.0,-1277.0
1488691943.280393,8,8.0,-57.0,81.0,37.262,-21.0,256.0,-253.0
1488691943.567943,4,8.0,-57.0,82.0,37.279,142.0,259.0,163.0
1488691943.790943,8,8.0,-54.0,81.0,37.35,428.0,1898.0,-1277.0
1488691944.014785,8,6.0,-57.0,82.0,38.009,-327.0,-122.0,-104.0
1488691944.302187,1,6.0,-59.0,83.0,38.009,170.0,-131.0,220.0
1488691944.525986,8,5.0,-58.0,84.0,37.259,-253.0,165.0,3.0
1488691944.748657,8,5.0,-59.0,84.0,37.541,255.0,0.0,3.0
1488691945.036214,7,4.0,-59.0,85.0,37.259,-37.0,0.0,-42.0
1488691945.260124,8,4.0,-60.0,85.0,37.268,-253.0,-226.0,3.0
1488691945.483044,8,4.0,-59.0,85.0,37.259,-72.0,3.0,3.0
1488691945.771057,7,4.0,-59.0,85.0,37.541,-26.0,0.0,-32.0
1488691945.993574,8,4.0,-58.0,85.0,37.268,-1.0,0.0,-23.0
1488691946.217005,8,4.0,-58.0,85.0,37.268,255.0,3.0,3.0
1488691946.505056,6,4.0,-58.0,85.0,38.009,-124.0,0.0,3.0
1488691946.728556,8,4.0,-58.0,85.0,37.259,-60.0,3.0,3.0
1488691946.951521,8,4.0,-57.0,85.0,37.494,-18.0,3.0,3.0
1488691947.238744,2,4.0,-57.0,85.0,37.268,-60.0,243.0,3.0
1488691947.46243,8,5.0,-57.0,84.0,37.588,-97.0,259.0,184.0
1488691947.685346,8,5.0,-58.0,84.0,37.635,-96.0,3.0,3.0
1488691947.972942,6,5.0,-58.0,84.0,37.268,-1.0,3.0,-98.0
1488691948.19641,8,5.0,-58.0,84.0,37.259,-8.0,191.0,-69.0
1488691948.420244,8,5.0,-58.0,84.0,37.259,-253.0,3.0,3.0
1488691948.707606,0,5.0,-58.0,83.0,37.682,-21.0,-232.0,-69.0
1488691948.930935,8,5.0,-58.0,84.0,37.682,-250.0,3.0,3.0
1488691949.154266,8,5.0,-58.0,83.0,37.729,-53.0,137.0,-41.0
1488691949.377606,8,6.0,-57.0,82.0,37.588,503.0,771.0,-637.0
1488691949.600685,8,6.0,-57.0,83.0,38.009,-86.0,-253.0,157.0
1488691949.824557,8,6.0,-57.0,83.0,37.729,-59.0,-15.0,3.0
1488691950.112063,2,7.0,-58.0,83.0,37.635,259.0,3.0,135.0
1488691950.334963,8,8.0,-58.0,82.0,37.682,-102.0,17.0,515.0
1488691950.55856,8,8.0,-58.0,82.0,37.268,-1.0,0.0,-47.0
1488691950.782411,8,7.0,-58.0,82.0,37.729,-253.0,-82.0,3.0
1488691951.005891,8,7.0,-57.0,82.0,37.635,-92.0,3.0,3.0
1488691951.229189,8,7.0,-57.0,83.0,37.635,-28.0,0.0,3.0
1488691951.516791,3,6.0,-57.0,83.0,37.682,-59.0,133.0,-48.0
1488691951.739598,8,8.0,-57.0,81.0,38.006,1.0,-155.0,446.0
1488691951.963218,8,8.0,-58.0,81.0,37.729,-1.0,0.0,-28.0
1488691952.25094,1,8.0,-58.0,82.0,37.729,-105.0,-253.0,3.0
1488691952.473853,8,7.0,-58.0,82.0,37.776,-65.0,0.0,-33.0
1488691952.698245,8,7.0,-58.0,82.0,37.729,-74.0,3.0,-7.0
1488691952.984981,2,7.0,-57.0,82.0,37.729,-96.0,0.0,-86.0
1488691953.208873,8,8.0,-56.0,81.0,37.776,-257.0,691.0,-75.0
1488691953.432027,8,7.0,-57.0,81.0,37.824,-120.0,-16.0,3.0
1488691953.719435,2,7.0,-57.0,82.0,37.871,-1.0,244.0,-80.0
1488691953.94216,8,9.0,-56.0,80.0,37.776,0.0,1027.0,3.0
1488691954.166155,8,9.0,-57.0,80.0,37.776,255.0,222.0,-65.0
1488691954.453891,1,9.0,-57.0,81.0,37.729,255.0,173.0,-48.0
1488691954.676868,8,8.0,-58.0,81.0,37.824,3.0,3.0,3.0
1488691954.90027,8,7.0,-59.0,82.0,37.776,-114.0,3.0,3.0
1488691955.187683,1,7.0,-59.0,83.0,37.776,0.0,-71.0,3.0
1488691955.411435,8,6.0,-59.0,83.0,37.824,-136.0,-23.0,-62.0
1488691955.63442,8,6.0,-59.0,83.0,37.824,255.0,146.0,-75.0
1488691955.921718,1,5.0,-58.0,84.0,37.729,-85.0,3.0,3.0
1488691956.145395,8,5.0,-58.0,84.0,37.871,-63.0,-27.0,3.0
1488691956.368595,8,5.0,-58.0,84.0,37.824,-55.0,3.0,3.0
1488691956.656152,1,5.0,-58.0,84.0,37.729,-70.0,-237.0,-26.0
1488691956.879445,8,5.0,-58.0,84.0,37.824,-32.0,3.0,3.0
1488691957.103186,8,5.0,-57.0,84.0,37.871,-34.0,140.0,-254.0
1488691957.390167,4,5.0,-57.0,84.0,37.824,-52.0,204.0,-64.0
1488691957.613887,8,7.0,-55.0,83.0,37.776,288.0,668.0,771.0
1488691957.836747,8,6.0,-57.0,83.0,37.776,-257.0,-166.0,-120.0
1488691958.060446,8,5.0,-57.0,83.0,37.824,-281.0,3.0,-75.0
1488691958.283685,8,6.0,-58.0,83.0,37.918,255.0,0.0,-87.0
1488691958.507414,8,5.0,-58.0,84.0,37.824,-76.0,3.0,3.0
1488691958.794784,0,5.0,-58.0,84.0,37.824,-34.0,3.0,3.0
1488691959.018647,8,5.0,-58.0,84.0,37.871,-123.0,229.0,-46.0
1488691959.241803,8,5.0,-58.0,84.0,37.871,-5.0,259.0,3.0
1488691959.529021,1,5.0,-58.0,84.0,37.824,-82.0,0.0,-65.0
1488691959.752665,8,5.0,-59.0,83.0,37.965,-49.0,-256.0,-8.0
1488691959.976196,8,5.0,-58.0,83.0,37.871,-94.0,335.0,-2.0
1488691960.199353,8,5.0,-57.0,84.0,37.871,0.0,143.0,3.0
1488691960.422487,8,5.0,-58.0,84.0,37.871,-33.0,0.0,-32.0
1488691960.646711,8,5.0,-57.0,84.0,37.918,-70.0,128.0,-24.0
1488691960.93357,5,5.0,-57.0,84.0,37.871,-65.0,139.0,3.0
1488691961.157237,8,5.0,-58.0,83.0,37.871,-49.0,123.0,3.0
1488691961.380449,8,5.0,-58.0,83.0,37.824,-78.0,3.0,-13.0
1488691961.667876,3,6.0,-58.0,83.0,37.965,255.0,0.0,-37.0
1488691961.891234,8,8.0,-57.0,82.0,37.824,168.0,0.0,515.0
1488691962.116265,8,8.0,-57.0,82.0,37.918,0.0,297.0,3.0
1488691962.402158,4,7.0,-57.0,83.0,37.824,3.0,224.0,3.0
1488691962.625797,8,8.0,-57.0,81.0,37.871,412.0,1375.0,-765.0
1488691962.848571,8,6.0,-60.0,81.0,37.965,-292.0,-714.0,-765.0
1488691963.136696,7,5.0,-61.0,81.0,37.824,-581.0,-432.0,-287.0
1488691963.359448,8,6.0,-60.0,82.0,37.871,179.0,-256.0,-59.0
1488691963.583074,8,6.0,-58.0,82.0,37.824,-1.0,502.0,-253.0
1488691963.870674,1,5.0,-58.0,82.0,37.871,-332.0,-256.0,-58.0
1488691964.094048,8,6.0,-58.0,82.0,37.918,-46.0,-315.0,3.0
1488691964.317362,8,6.0,-56.0,82.0,37.918,-256.0,448.0,3.0
1488691964.540435,8,6.0,-56.0,83.0,37.965,-49.0,96.0,3.0
1488691964.764624,8,6.0,-57.0,82.0,37.824,-34.0,-231.0,-253.0
1488691964.987518,8,6.0,-57.0,83.0,37.918,-62.0,-34.0,3.0
1488691965.274906,3,6.0,-56.0,83.0,37.824,0.0,256.0,-40.0
1488691965.498412,8,9.0,-55.0,81.0,38.021,-33.0,512.0,433.0
1488691965.721695,8,9.0,-56.0,81.0,37.918,3.0,-253.0,154.0
1488691966.009128,2,8.0,-58.0,82.0,37.965,-61.0,-509.0,3.0
1488691966.232864,8,9.0,-55.0,80.0,37.918,-17.0,1283.0,-104.0
1488691966.456155,8,9.0,-56.0,81.0,37.965,-1.0,0.0,-75.0
1488691966.744954,5,8.0,-57.0,81.0,37.871,-49.0,113.0,-40.0
1488691966.96647,8,8.0,-57.0,82.0,37.824,3.0,3.0,3.0
1488691967.190085,8,7.0,-58.0,82.0,37.918,-92.0,3.0,3.0
1488691967.477667,4,7.0,-58.0,82.0,37.824,0.0,3.0,3.0
1488691967.701242,8,9.0,-57.0,81.0,38.026,1019.0,1370.0,-281.0
1488691967.924581,8,9.0,-55.0,81.0,37.918,511.0,1372.0,-253.0
1488691968.212106,4,9.0,-58.0,83.0,37.824,258.0,-512.0,515.0
1488691968.435495,8,8.0,-58.0,84.0,37.918,115.0,771.0,515.0
1488691968.658842,8,7.0,-55.0,84.0,37.824,256.0,515.0,3.0
1488691968.94619,7,7.0,-54.0,83.0,37.918,256.0,512.0,-74.0
1488691969.169565,8,6.0,-56.0,83.0,37.918,-344.0,235.0,-253.0
1488691969.394157,8,6.0,-58.0,83.0,37.918,3.0,-253.0,148.0
1488691969.680752,7,6.0,-58.0,83.0,37.871,-78.0,0.0,3.0
1488691969.903944,8,6.0,-59.0,83.0,37.918,255.0,-253.0,-71.0
1488691970.127302,8,6.0,-59.0,83.0,37.918,237.0,3.0,144.0
1488691970.415576,4,6.0,-57.0,82.0,37.965,-253.0,259.0,-43.0
1488691970.63872,8,8.0,-60.0,83.0,38.756,1299.0,-626.0,1027.0
1488691970.861369,8,6.0,-57.0,84.0,37.965,-1.0,666.0,-253.0
1488691971.149616,0,6.0,-59.0,83.0,37.965,-69.0,3.0,3.0
1488691971.373585,8,7.0,-58.0,82.0,37.918,-1.0,471.0,-253.0
1488691971.595729,8,8.0,-57.0,81.0,37.918,140.0,515.0,-14.0
1488691971.883919,4,9.0,-57.0,79.0,37.871,763.0,246.0,-509.0
1488691972.106681,8,9.0,-58.0,78.0,37.871,-1033.0,256.0,-580.0
1488691972.329755,8,7.0,-55.0,81.0,37.824,-509.0,444.0,771.0
1488691972.617934,2,8.0,-56.0,83.0,37.965,1043.0,-317.0,1027.0
1488691972.840516,8,8.0,-57.0,81.0,37.871,-770.0,224.0,-339.0
1488691973.064065,8,8.0,-58.0,81.0,37.965,-117.0,-283.0,239.0
1488691973.352104,7,7.0,-58.0,81.0,37.965,-122.0,3.0,-253.0
1488691973.574812,8,7.0,-58.0,81.0,37.965,-49.0,-14.0,3.0
1488691973.799426,8,7.0,-58.0,81.0,37.871,255.0,0.0,-69.0
1488691974.086279,4,7.0,-57.0,82.0,37.871,3.0,28.0,203.0
1488691974.309533,8,7.0,-58.0,82.0,37.965,689.0,425.0,-293.0
1488691974.532724,8,8.0,-58.0,82.0,37.965,230.0,0.0,456.0
1488691974.819887,4,7.0,-56.0,83.0,37.259,-73.0,259.0,177.0
1488691975.043793,8,8.0,-58.0,82.0,37.965,767.0,-253.0,-120.0
1488691975.267362,8,7.0,-57.0,82.0,37.965,-355.0,512.0,-116.0
1488691975.554083,3,6.0,-57.0,82.0,37.918,0.0,-91.0,3.0
1488691975.777677,8,8.0,-55.0,80.0,37.918,-511.0,768.0,259.0
1488691976.001285,8,8.0,-56.0,80.0,38.021,-57.0,168.0,-253.0
1488691976.288473,4,7.0,-56.0,80.0,37.918,-112.0,256.0,-19.0
1488691976.512315,8,8.0,-57.0,79.0,38.044,247.0,515.0,-509.0
1488691976.736087,8,7.0,-57.0,80.0,38.762,-585.0,-256.0,3.0
1488691977.022878,1,7.0,-58.0,81.0,37.918,3.0,3.0,154.0
1488691977.245847,8,6.0,-58.0,82.0,37.871,-125.0,-253.0,3.0
1488691977.470602,8,6.0,-58.0,82.0,37.918,0.0,0.0,3.0
1488691977.757104,1,6.0,-58.0,83.0,37.965,-42.0,-4.0,3.0
1488691977.980409,8,6.0,-57.0,83.0,37.965,-83.0,0.0,-18.0
1488691978.204488,8,6.0,-57.0,83.0,37.918,0.0,3.0,3.0
1488691978.427015,8,6.0,-56.0,83.0,37.918,-14.0,0.0,-11.0
1488691978.650487,8,6.0,-56.0,83.0,37.918,-42.0,149.0,-38.0
1488691978.87398,8,6.0,-56.0,83.0,37.965,-50.0,0.0,-32.0
1488691979.161751,6,6.0,-57.0,83.0,38.012,-123.0,-92.0,3.0
1488691979.385531,8,6.0,-57.0,83.0,37.918,-64.0,0.0,-18.0
1488691979.609006,8,6.0,-56.0,83.0,38.021,-116.0,3.0,-87.0
1488691979.895814,5,6.0,-56.0,83.0,37.965,-34.0,0.0,-10.0
1488691980.119223,8,6.0,-56.0,83.0,37.776,-17.0,3.0,3.0
1488691980.342324,8,6.0,-56.0,83.0,37.306,-237.0,3.0,3.0
1488691980.630116,3,6.0,-56.0,83.0,37.965,-7.0,3.0,-32.0
1488691980.853541,8,8.0,-55.0,82.0,37.259,418.0,771.0,163.0
1488691981.077017,8,8.0,-56.0,82.0,37.918,3.0,-27.0,3.0
1488691981.36441,7,8.0,-57.0,83.0,38.021,255.0,93.0,-17.0
1488691981.587736,8,7.0,-57.0,83.0,37.965,-243.0,3.0,-93.0
1488691981.810886,8,6.0,-58.0,83.0,37.259,-51.0,0.0,-31.0
1488691982.098867,6,6.0,-58.0,83.0,37.918,-247.0,0.0,-30.0
1488691982.321709,8,6.0,-57.0,83.0,38.012,-73.0,3.0,3.0
1488691982.545411,8,6.0,-58.0,83.0,37.965,-63.0,3.0,3.0
1488691982.832912,7,6.0,-57.0,83.0,38.021,-105.0,3.0,3.0
1488691983.05599,8,6.0,-57.0,83.0,37.965,0.0,3.0,3.0
1488691983.2797,8,6.0,-56.0,83.0,38.021,158.0,205.0,3.0
1488691983.56675,3,7.0,-56.0,82.0,38.012,-133.0,0.0,-86.0
1488691983.790523,8,9.0,-56.0,81.0,38.015,438.0,265.0,259.0
1488691984.014307,8,8.0,-56.0,81.0,38.762,3.0,0.0,3.0
1488691984.301033,4,8.0,-56.0,82.0,37.918,-36.0,259.0,3.0
1488691984.524393,8,10.0,-58.0,80.0,38.759,515.0,-256.0,3.0
1488691984.750561,8,7.0,-57.0,81.0,38.056,-1012.0,515.0,3.0
1488691985.050959,5,13.0,-58.0,77.0,38.015,645.0,256.0,3.0
1488691985.274982,8,7.0,-55.0,82.0,38.024,-572.0,1257.0,3.0
1488691985.497965,8,6.0,-54.0,81.0,38.091,-261.0,1284.0,-1064.0
1488691985.721516,8,6.0,-57.0,81.0,38.75,160.0,-320.0,-351.0
1488691985.945024,8,7.0,-59.0,82.0,38.759,11.0,-512.0,752.0
1488691986.168487,8,6.0,-58.0,82.0,37.259,-253.0,209.0,3.0
1488691986.456265,5,6.0,-58.0,83.0,38.012,-1.0,3.0,-65.0
1488691986.679508,8,6.0,-58.0,83.0,38.012,226.0,3.0,135.0
1488691986.902897,8,6.0,-57.0,83.0,38.021,255.0,141.0,-51.0
1488691987.190455,4,7.0,-58.0,82.0,38.75,195.0,-545.0,-253.0
1488691987.413566,8,13.0,-60.0,80.0,38.762,1987.0,-512.0,699.0
1488691987.636904,8,13.0,-57.0,78.0,38.056,-381.0,512.0,-282.0
1488691987.924614,5,12.0,-54.0,78.0,38.018,-280.0,399.0,-89.0
1488691988.14927,8,12.0,-54.0,78.0,38.015,242.0,200.0,-149.0
1488691988.371393,8,10.0,-57.0,80.0,38.726,2.0,-723.0,644.0
1488691988.658893,0,9.0,-55.0,80.0,38.044,-256.0,659.0,3.0
1488691988.88247,8,8.0,-55.0,80.0,38.759,-258.0,-29.0,-311.0
1488691989.105548,8,8.0,-57.0,80.0,38.762,-117.0,-439.0,3.0
1488691989.393156,7,7.0,-56.0,80.0,38.015,-253.0,259.0,3.0
1488691989.616436,8,7.0,-55.0,81.0,38.762,-253.0,170.0,154.0
1488691989.841981,8,6.0,-56.0,82.0,38.762,-253.0,-488.0,-24.0
1488691990.142482,3,6.0,-56.0,81.0,38.762,-367.0,-372.0,-307.0
1488691990.366734,8,10.0,-55.0,78.0,38.015,259.0,1170.0,3.0
1488691990.590522,8,9.0,-57.0,79.0,38.756,-362.0,-536.0,3.0
1488691990.877769,1,9.0,-57.0,80.0,38.021,127.0,256.0,-4.0
1488691991.100851,8,8.0,-57.0,81.0,37.306,3.0,3.0,-3.0
1488691991.325057,8,8.0,-57.0,81.0,38.759,-24.0,3.0,3.0
1488691991.611651,5,7.0,-57.0,82.0,38.012,-34.0,-256.0,3.0
1488691991.835078,8,7.0,-56.0,82.0,38.759,-109.0,512.0,-31.0
1488691992.058783,8,6.0,-56.0,83.0,38.032,-21.0,-61.0,-103.0
1488691992.345897,6,6.0,-56.0,83.0,38.032,-71.0,0.0,-8.0
1488691992.569178,8,6.0,-56.0,83.0,38.021,-48.0,205.0,-48.0
1488691992.793417,8,5.0,-57.0,83.0,38.015,-253.0,-253.0,3.0
1488691993.080238,1,5.0,-55.0,84.0,38.021,0.0,507.0,3.0
1488691993.304166,8,5.0,-56.0,84.0,37.259,3.0,3.0,3.0
1488691993.526979,8,6.0,-57.0,84.0,38.012,-44.0,0.0,-11.0
1488691993.814637,7,6.0,-57.0,83.0,38.762,-82.0,-46.0,3.0
1488691994.03754,8,6.0,-57.0,83.0,38.021,0.0,3.0,3.0
1488691994.261058,8,6.0,-57.0,83.0,38.012,-57.0,0.0,-30.0
1488691994.548638,7,6.0,-57.0,83.0,38.012,-55.0,0.0,-26.0
1488691994.772065,8,6.0,-57.0,83.0,38.012,-31.0,3.0,3.0
1488691994.995839,8,6.0,-56.0,83.0,38.021,-15.0,3.0,-6.0
1488691995.283363,6,6.0,-56.0,83.0,38.012,-28.0,136.0,3.0
1488691995.506072,8,6.0,-56.0,83.0,38.012,-13.0,3.0,-1.0
1488691995.729897,8,6.0,-56.0,83.0,38.762,3.0,3.0,3.0
1488691996.017101,7,6.0,-57.0,83.0,38.021,3.0,3.0,3.0
1488691996.241035,8,6.0,-56.0,83.0,38.021,3.0,120.0,3.0
1488691996.463815,8,6.0,-56.0,83.0,38.021,-69.0,0.0,-16.0
1488691996.751818,7,6.0,-56.0,84.0,38.021,-73.0,3.0,3.0
1488691996.974895,8,6.0,-56.0,83.0,38.021,-57.0,3.0,3.0
1488691997.198838,8,6.0,-56.0,83.0,38.012,-69.0,98.0,-12.0
1488691997.48546,1,6.0,-56.0,83.0,38.021,0.0,0.0,3.0
1488691997.708754,8,6.0,-57.0,83.0,38.021,-30.0,3.0,3.0
1488691997.932315,8,6.0,-56.0,83.0,37.353,-56.0,3.0,3.0
1488691998.220079,7,6.0,-56.0,83.0,38.762,-82.0,3.0,3.0
1488691998.443553,8,6.0,-56.0,83.0,38.021,-247.0,3.0,3.0
1488691998.666558,8,6.0,-56.0,83.0,38.021,3.0,3.0,3.0
1488691998.954518,6,6.0,-56.0,83.0,38.021,-89.0,3.0,3.0
1488691999.177735,8,6.0,-56.0,83.0,38.021,-103.0,-48.0,3.0
1488691999.401457,8,6.0,-56.0,83.0,38.012,0.0,3.0,3.0
1488691999.68887,2,6.0,-56.0,83.0,38.015,3.0,156.0,3.0
1488691999.911866,8,9.0,-56.0,82.0,38.044,169.0,515.0,903.0
1488692000.13578,8,9.0,-56.0,81.0,38.012,-1.0,3.0,-69.0
1488692000.4224,7,9.0,-56.0,81.0,38.021,-76.0,0.0,-11.0
1488692000.647265,8,8.0,-56.0,82.0,38.762,-14.0,-95.0,191.0
1488692000.869778,8,8.0,-56.0,81.0,38.021,137.0,85.0,3.0
1488692001.157193,4,9.0,-56.0,81.0,38.032,0.0,190.0,133.0
1488692001.380083,8,9.0,-57.0,81.0,38.032,514.0,252.0,515.0
1488692001.604381,8,8.0,-59.0,82.0,38.75,-511.0,-1280.0,259.0
1488692001.891255,0,8.0,-57.0,82.0,38.762,-104.0,-65.0,3.0
1488692002.114413,8,7.0,-56.0,82.0,38.762,-57.0,-56.0,-58.0
1488692002.338228,8,7.0,-56.0,82.0,38.762,-265.0,-256.0,3.0
1488692002.625405,1,6.0,-56.0,82.0,38.762,-278.0,-253.0,3.0
1488692002.849198,8,6.0,-55.0,82.0,38.012,-65.0,3.0,3.0
1488692003.072004,8,6.0,-55.0,82.0,38.012,3.0,0.0,3.0
1488692003.360844,1,6.0,-54.0,82.0,38.021,-102.0,137.0,-24.0
1488692003.583275,8,6.0,-54.0,83.0,38.021,-49.0,241.0,-32.0
1488692003.806563,8,5.0,-54.0,83.0,38.012,-253.0,3.0,3.0
1488692004.094072,7,6.0,-55.0,83.0,38.762,-61.0,-67.0,3.0
1488692004.317295,8,6.0,-55.0,83.0,38.012,-19.0,-5.0,3.0
1488692004.540469,8,6.0,-56.0,83.0,38.021,-95.0,0.0,-33.0
1488692004.828592,0,6.0,-56.0,83.0,38.021,-113.0,0.0,-74.0
1488692005.051457,8,6.0,-56.0,83.0,38.762,-256.0,-237.0,-14.0
1488692005.2751,8,6.0,-56.0,83.0,38.012,-22.0,3.0,-9.0
1488692005.562719,7,6.0,-55.0,83.0,38.012,-25.0,3.0,3.0
1488692005.78628,8,6.0,-55.0,83.0,38.021,-90.0,0.0,-30.0
1488692006.009079,8,6.0,-55.0,83.0,38.021,-51.0,3.0,3.0
1488692006.296744,6,6.0,-55.0,83.0,38.012,-30.0,0.0,-50.0
1488692006.519763,8,6.0,-56.0,83.0,38.012,-15.0,0.0,-62.0
1488692006.743573,8,6.0,-56.0,83.0,38.762,-55.0,-7.0,3.0
1488692007.031017,2,6.0,-56.0,83.0,38.015,-74.0,3.0,3.0
1488692007.254217,8,10.0,-54.0,81.0,38.068,1025.0,1027.0,259.0
1488692007.477599,8,9.0,-56.0,81.0,38.75,-287.0,-512.0,3.0
1488692007.765086,5,8.0,-57.0,82.0,38.762,-52.0,-94.0,3.0
1488692007.988835,8,8.0,-56.0,82.0,38.021,255.0,177.0,-19.0
1488692008.21287,8,8.0,-56.0,82.0,38.021,-5.0,146.0,-17.0
1488692008.436082,8,7.0,-56.0,82.0,38.012,-69.0,3.0,3.0
1488692008.658727,8,7.0,-56.0,82.0,38.021,3.0,135.0,3.0
1488692008.882589,8,7.0,-56.0,82.0,38.021,255.0,0.0,-31.0
1488692009.169902,3,7.0,-56.0,82.0,38.012,-46.0,0.0,-61.0
1488692009.393119,8,9.0,-55.0,81.0,38.015,666.0,452.0,427.0
1488692009.616667,8,9.0,-56.0,81.0,38.762,-327.0,-40.0,3.0
1488692009.904698,2,8.0,-56.0,81.0,38.032,3.0,250.0,-55.0
1488692010.127318,8,12.0,-54.0,80.0,38.068,2055.0,1024.0,259.0
1488692010.350668,8,11.0,-55.0,80.0,38.762,-509.0,-240.0,3.0
1488692010.638151,3,9.0,-56.0,80.0,38.021,-58.0,3.0,3.0
1488692010.877064,8,12.0,-56.0,78.0,38.044,770.0,515.0,515.0
1488692011.101213,8,10.0,-56.0,80.0,38.021,-77.0,0.0,3.0
1488692011.389569,3,9.0,-56.0,80.0,38.294,-121.0,141.0,-113.0
1488692011.612057,8,12.0,-56.0,77.0,38.018,769.0,653.0,259.0
1488692011.835137,8,11.0,-57.0,78.0,38.021,-57.0,0.0,3.0
1488692012.125532,7,11.0,-57.0,79.0,38.021,255.0,0.0,-25.0
1488692012.36182,8,9.0,-57.0,79.0,38.435,-62.0,0.0,3.0
1488692012.585483,8,8.0,-57.0,80.0,38.012,-56.0,3.0,-14.0
1488692012.873535,3,8.0,-57.0,80.0,38.012,-10.0,0.0,-75.0
1488692013.096656,8,10.0,-57.0,79.0,38.015,779.0,14.0,515.0
1488692013.319689,8,10.0,-57.0,79.0,38.341,-35.0,-41.0,-3.0
1488692013.60765,5,9.0,-56.0,80.0,38.021,0.0,3.0,3.0
1488692013.83069,8,8.0,-56.0,80.0,38.247,-256.0,-54.0,3.0
1488692014.05398,8,8.0,-56.0,81.0,38.012,255.0,-7.0,3.0
1488692014.341698,2,7.0,-55.0,81.0,38.388,0.0,259.0,-29.0
1488692014.565342,8,9.0,-55.0,80.0,38.435,159.0,515.0,377.0
1488692014.788538,8,10.0,-55.0,79.0,38.294,511.0,256.0,-248.0
1488692015.07615,4,8.0,-55.0,80.0,38.032,-59.0,259.0,3.0
1488692015.299135,8,9.0,-58.0,81.0,38.388,472.0,-509.0,654.0
1488692015.522441,8,9.0,-58.0,81.0,38.435,233.0,3.0,3.0
1488692015.810057,3,7.0,-57.0,81.0,38.388,-626.0,-36.0,-253.0
1488692016.033575,8,9.0,-56.0,80.0,38.388,779.0,771.0,515.0
1488692016.256824,8,9.0,-56.0,80.0,38.388,-256.0,0.0,3.0
1488692016.544544,1,9.0,-56.0,80.0,38.388,259.0,181.0,3.0
1488692016.767623,8,8.0,-56.0,81.0,38.388,176.0,256.0,3.0
1488692016.990951,8,8.0,-56.0,81.0,38.435,0.0,0.0,3.0
1488692017.278607,0,7.0,-56.0,82.0,38.388,-32.0,3.0,3.0
1488692017.501893,8,6.0,-56.0,82.0,38.341,-84.0,-26.0,-34.0
1488692017.725387,8,6.0,-56.0,82.0,38.762,-99.0,0.0,-57.0
1488692018.01516,1,6.0,-57.0,82.0,38.435,-8.0,-67.0,3.0
1488692018.236062,8,6.0,-56.0,82.0,38.388,-85.0,144.0,3.0
1488692018.459501,8,6.0,-56.0,83.0,38.388,-6.0,3.0,3.0
1488692018.683415,8,5.0,-55.0,83.0,38.435,0.0,3.0,3.0
1488692018.907187,8,5.0,-56.0,83.0,38.435,-19.0,3.0,3.0
1488692019.130279,8,5.0,-55.0,83.0,38.435,-45.0,0.0,-7.0
1488692019.417199,7,5.0,-55.0,83.0,38.482,-31.0,3.0,3.0
1488692019.641194,8,6.0,-56.0,83.0,38.482,0.0,-193.0,3.0
1488692019.864077,8,6.0,-56.0,83.0,38.529,0.0,199.0,3.0
1488692020.151898,6,6.0,-55.0,83.0,38.482,-114.0,3.0,3.0
1488692020.375783,8,6.0,-56.0,83.0,38.529,-102.0,-241.0,3.0
1488692020.598918,8,6.0,-56.0,82.0,38.482,-19.0,3.0,3.0
1488692020.886011,3,6.0,-56.0,82.0,38.388,-1.0,0.0,-253.0
1488692021.110522,8,9.0,-55.0,81.0,38.435,738.0,256.0,259.0
1488692021.332706,8,8.0,-55.0,82.0,38.482,-1.0,107.0,-38.0
1488692021.620308,0,7.0,-55.0,82.0,38.388,-61.0,98.0,3.0
1488692021.843851,8,7.0,-56.0,82.0,38.388,0.0,3.0,3.0
1488692022.068079,8,7.0,-56.0,82.0,38.435,-37.0,181.0,-68.0
1488692022.354159,1,7.0,-55.0,83.0,38.482,0.0,0.0,150.0
1488692022.577719,8,6.0,-55.0,83.0,38.482,3.0,115.0,167.0
1488692022.801432,8,6.0,-55.0,83.0,38.482,-1.0,0.0,-253.0
1488692023.088745,2,7.0,-56.0,82.0,38.482,0.0,3.0,3.0
1488692023.31318,8,9.0,-56.0,80.0,38.482,-233.0,273.0,515.0
1488692023.53651,8,8.0,-56.0,80.0,38.762,-293.0,-256.0,3.0
1488692023.823103,4,8.0,-56.0,81.0,38.482,-122.0,0.0,3.0
1488692024.046846,8,8.0,-58.0,83.0,38.529,933.0,-512.0,694.0
1488692024.269951,8,6.0,-58.0,84.0,38.388,-574.0,-706.0,3.0
1488692024.557313,6,6.0,-56.0,83.0,38.388,-72.0,256.0,-38.0
1488692024.780616,8,6.0,-55.0,83.0,38.482,255.0,44.0,-55.0
1488692025.004488,8,6.0,-54.0,83.0,38.482,-1.0,259.0,-68.0
1488692025.291667,3,6.0,-55.0,82.0,38.482,-62.0,0.0,-69.0
1488692025.515206,8,8.0,-55.0,82.0,38.482,258.0,0.0,515.0
1488692025.738661,8,8.0,-54.0,82.0,38.388,0.0,244.0,3.0
1488692026.026033,7,8.0,-55.0,81.0,38.482,255.0,113.0,-47.0
1488692026.24903,8,8.0,-55.0,81.0,38.529,255.0,256.0,3.0
1488692026.472795,8,8.0,-56.0,82.0,38.435,255.0,-86.0,-6.0
1488692026.760101,1,7.0,-55.0,82.0,38.529,0.0,256.0,-29.0
1488692026.984085,8,7.0,-55.0,81.0,38.482,3.0,259.0,3.0
1488692027.207201,8,7.0,-55.0,82.0,38.482,-12.0,184.0,3.0
1488692027.495074,6,7.0,-57.0,82.0,38.482,-31.0,-96.0,3.0
1488692027.71753,8,7.0,-56.0,82.0,38.482,-41.0,256.0,3.0
1488692027.941128,8,7.0,-57.0,82.0,38.435,-82.0,-388.0,-30.0
1488692028.164705,8,6.0,-57.0,82.0,38.576,-28.0,3.0,3.0
1488692028.388279,8,6.0,-56.0,82.0,38.482,-89.0,-42.0,3.0
1488692028.611314,8,6.0,-56.0,82.0,38.482,-72.0,-99.0,3.0
1488692028.89884,3,6.0,-57.0,82.0,38.482,-152.0,-253.0,-38.0
1488692029.122124,8,6.0,-58.0,83.0,38.482,-249.0,-509.0,401.0
1488692029.345989,8,6.0,-58.0,82.0,38.529,-256.0,-256.0,148.0
1488692029.633413,2,7.0,-56.0,82.0,38.435,255.0,256.0,-133.0
1488692029.856323,8,10.0,-56.0,79.0,38.529,203.0,512.0,-55.0
1488692030.080679,8,9.0,-57.0,80.0,38.576,-256.0,-357.0,3.0
1488692030.367238,4,8.0,-56.0,80.0,38.624,-33.0,97.0,3.0
1488692030.590905,8,8.0,-58.0,82.0,38.529,723.0,-401.0,515.0
1488692030.81613,8,8.0,-57.0,82.0,38.482,-261.0,259.0,-253.0
1488692031.101493,1,7.0,-55.0,82.0,38.435,-1.0,515.0,-253.0
1488692031.32555,8,7.0,-55.0,82.0,38.435,255.0,398.0,-78.0
1488692031.548754,8,7.0,-56.0,82.0,38.435,-253.0,2.0,3.0
1488692031.836277,5,6.0,-57.0,82.0,38.482,-1.0,-189.0,-11.0
1488692032.059318,8,6.0,-56.0,82.0,38.576,3.0,259.0,3.0
1488692032.282554,8,7.0,-56.0,83.0,38.435,486.0,515.0,3.0
1488692032.570152,6,5.0,-50.0,83.0,38.388,-259.0,2047.0,-568.0
1488692032.794529,8,5.0,-52.0,84.0,38.529,948.0,-661.0,18.0
1488692033.017321,8,8.0,-56.0,82.0,38.482,2283.0,-580.0,-1386.0
1488692033.240346,8,3.0,-58.0,85.0,38.482,-1829.0,-1277.0,184.0
1488692033.463634,8,4.0,-57.0,84.0,38.435,-534.0,-253.0,169.0
1488692033.687077,8,4.0,-54.0,85.0,38.435,259.0,152.0,771.0
1488692033.91062,8,5.0,-54.0,85.0,38.435,365.0,0.0,228.0
1488692034.134466,8,5.0,-54.0,85.0,38.529,-509.0,-338.0,3.0
1488692034.358345,8,4.0,-53.0,84.0,38.482,-492.0,-45.0,-328.0
1488692034.645205,5,4.0,-54.0,84.0,38.435,-77.0,-262.0,3.0
1488692034.868586,8,5.0,-54.0,84.0,38.341,-129.0,-126.0,3.0
1488692035.092025,8,5.0,-55.0,84.0,38.435,-2.0,-338.0,3.0
1488692035.379406,5,5.0,-54.0,83.0,38.435,-64.0,256.0,3.0
1488692035.602499,8,6.0,-54.0,83.0,38.435,-120.0,259.0,3.0
1488692035.827549,8,6.0,-55.0,83.0,38.388,-5.0,-232.0,3.0
1488692036.114231,4,6.0,-54.0,83.0,38.482,3.0,515.0,3.0
1488692036.336628,8,8.0,-61.0,84.0,38.529,1028.0,-1999.0,1027.0
1488692036.560129,8,8.0,-59.0,83.0,38.482,-257.0,-412.0,-253.0
1488692036.848163,4,7.0,-56.0,83.0,38.388,-20.0,256.0,226.0
1488692037.070898,8,9.0,-58.0,82.0,38.435,767.0,-509.0,-98.0
1488692037.294497,8,8.0,-56.0,82.0,38.576,-319.0,-106.0,-26.0
1488692037.582024,1,8.0,-55.0,81.0,38.529,-257.0,207.0,-253.0
1488692037.805259,8,8.0,-55.0,81.0,38.576,-1.0,0.0,-32.0
1488692038.028905,8,8.0,-55.0,81.0,38.388,3.0,-255.0,3.0
1488692038.31614,6,7.0,-54.0,81.0,38.435,-253.0,3.0,3.0
1488692038.539618,8,7.0,-55.0,81.0,38.482,-40.0,0.0,3.0
1488692038.762726,8,7.0,-55.0,81.0,38.435,-256.0,3.0,3.0
1488692039.050314,7,7.0,-55.0,81.0,38.435,-76.0,3.0,3.0
1488692039.273535,8,7.0,-55.0,81.0,38.435,-105.0,0.0,-14.0
1488692039.497223,8,7.0,-55.0,81.0,38.482,0.0,-10.0,3.0
1488692039.784501,5,7.0,-55.0,82.0,38.388,3.0,3.0,3.0
1488692040.007704,8,7.0,-55.0,82.0,38.388,0.0,3.0,-30.0
1488692040.231454,8,7.0,-55.0,82.0,38.435,-253.0,3.0,170.0
1488692040.519131,1,6.0,-54.0,83.0,38.435,-40.0,161.0,478.0
1488692040.742201,8,9.0,-54.0,80.0,38.435,886.0,979.0,-1021.0
1488692040.965927,8,10.0,-52.0,82.0,38.388,1466.0,1709.0,515.0
1488692041.253026,4,7.0,-55.0,86.0,38.388,5.0,-5.0,1442.0
1488692041.476423,8,11.0,-57.0,85.0,38.388,3764.0,-1372.0,-509.0
1488692041.70056,8,7.0,-57.0,87.0,38.529,-501.0,-804.0,771.0
1488692041.987307,7,5.0,-55.0,87.0,38.388,415.0,-114.0,-509.0
1488692042.210846,8,4.0,-54.0,88.0,38.435,768.0,0.0,3.0
1488692042.434836,8,3.0,-52.0,88.0,38.388,511.0,200.0,-15.0
1488692042.721992,3,2.0,-51.0,87.0,38.435,186.0,235.0,-253.0
1488692042.944926,8,2.0,-54.0,87.0,38.341,256.0,-1153.0,3.0
1488692043.168204,8,0.0,-54.0,87.0,38.341,-765.0,0.0,3.0
1488692043.455509,6,0.0,-53.0,88.0,38.482,0.0,-58.0,3.0
1488692043.679246,8,0.0,-54.0,88.0,38.75,255.0,-256.0,3.0
1488692043.902574,8,0.0,-54.0,87.0,38.482,-81.0,0.0,-6.0
1488692044.190022,4,0.0,-53.0,87.0,38.435,-57.0,181.0,-41.0
1488692044.413476,8,0.0,-59.0,87.0,38.529,258.0,-2813.0,515.0
1488692044.636593,8,0.0,-57.0,87.0,38.388,-326.0,-509.0,3.0
1488692044.924312,5,0.0,-53.0,87.0,38.388,0.0,259.0,3.0
1488692045.147748,8,0.0,-52.0,87.0,38.341,-53.0,191.0,3.0
1488692045.371263,8,0.0,-53.0,87.0,38.529,-256.0,-232.0,-1.0
1488692045.658937,4,1.0,-52.0,87.0,38.341,-90.0,3.0,3.0
1488692045.881777,8,2.0,-57.0,88.0,38.388,1284.0,-2045.0,1027.0
1488692046.105592,8,2.0,-54.0,88.0,38.435,-83.0,221.0,3.0
1488692046.392935,7,2.0,-53.0,87.0,38.529,-121.0,3.0,3.0
1488692046.616947,8,2.0,-52.0,87.0,38.435,-254.0,125.0,-81.0
1488692046.840385,8,2.0,-52.0,86.0,38.482,-118.0,3.0,3.0
1488692047.127227,3,2.0,-51.0,86.0,38.482,-33.0,456.0,-133.0
1488692047.350594,8,6.0,-52.0,83.0,38.576,769.0,208.0,378.0
1488692047.573787,8,6.0,-52.0,84.0,38.482,213.0,482.0,3.0
1488692047.86116,4,5.0,-52.0,84.0,38.018,0.0,483.0,3.0
1488692048.086127,8,6.0,-55.0,85.0,38.529,707.0,-1024.0,998.0
1488692048.308424,8,5.0,-55.0,85.0,38.482,-256.0,-287.0,3.0
1488692048.595422,7,4.0,-54.0,85.0,38.482,3.0,0.0,140.0
1488692048.819365,8,4.0,-55.0,85.0,38.435,0.0,-253.0,3.0
1488692049.04274,8,4.0,-54.0,85.0,38.482,3.0,219.0,3.0
1488692049.329656,5,4.0,-54.0,85.0,38.529,-30.0,0.0,3.0
1488692049.5537,8,3.0,-53.0,85.0,38.482,-117.0,204.0,-66.0
1488692049.776627,8,3.0,-53.0,85.0,38.482,-3.0,0.0,-41.0
1488692050.064619,7,3.0,-54.0,85.0,38.388,0.0,-86.0,3.0
1488692050.287606,8,3.0,-54.0,85.0,38.482,0.0,3.0,3.0
1488692050.510955,8,4.0,-54.0,84.0,38.482,3.0,3.0,3.0
1488692050.734492,8,4.0,-54.0,85.0,38.482,-20.0,3.0,-2.0
1488692050.957861,8,4.0,-54.0,85.0,38.482,-60.0,136.0,3.0
1488692051.184433,8,4.0,-53.0,85.0,38.482,0.0,-35.0,3.0
1488692051.484801,0,3.0,-54.0,85.0,38.576,3.0,3.0,3.0
1488692051.708274,8,3.0,-54.0,85.0,38.482,0.0,-91.0,3.0
1488692051.931928,8,3.0,-54.0,85.0,38.482,-74.0,0.0,3.0
1488692052.155031,8,3.0,-54.0,86.0,38.482,-75.0,0.0,3.0
1488692052.378515,8,2.0,-55.0,86.0,38.576,-93.0,-253.0,179.0
1488692052.602065,8,2.0,-55.0,86.0,38.529,-286.0,-57.0,3.0
1488692052.826165,8,2.0,-55.0,87.0,38.576,-41.0,3.0,3.0
1488692053.049015,8,2.0,-54.0,87.0,38.435,-75.0,0.0,-45.0
1488692053.273358,8,2.0,-54.0,87.0,38.576,-10.0,147.0,-46.0
1488692053.559871,1,3.0,-54.0,86.0,38.529,255.0,0.0,-122.0
1488692053.783491,8,3.0,-54.0,86.0,38.576,-1.0,3.0,-93.0
1488692054.006747,8,3.0,-54.0,86.0,38.576,0.0,130.0,3.0
1488692054.293933,4,3.0,-54.0,86.0,38.576,-92.0,259.0,3.0
1488692054.517681,8,5.0,-59.0,87.0,38.576,1411.0,-2629.0,1283.0
1488692054.74112,8,4.0,-55.0,86.0,38.576,-514.0,771.0,-355.0
1488692054.965329,8,4.0,-55.0,86.0,38.529,-256.0,-509.0,170.0
1488692055.188621,8,4.0,-54.0,85.0,38.529,-50.0,3.0,3.0
1488692055.411742,8,4.0,-54.0,85.0,38.576,-35.0,0.0,-255.0
1488692055.699261,0,4.0,-53.0,85.0,38.529,-66.0,0.0,3.0
1488692055.922228,8,4.0,-53.0,85.0,38.529,3.0,3.0,3.0
1488692056.147168,8,4.0,-54.0,85.0,38.576,-38.0,3.0,3.0
1488692056.433251,1,4.0,-54.0,85.0,38.529,-46.0,166.0,3.0
1488692056.656593,8,4.0,-54.0,85.0,38.529,0.0,3.0,3.0
1488692056.879917,8,4.0,-53.0,84.0,38.576,-36.0,256.0,-30.0
1488692057.167264,7,5.0,-54.0,84.0,38.671,255.0,0.0,-38.0
1488692057.391577,8,5.0,-54.0,84.0,38.624,-75.0,0.0,-10.0
1488692057.614843,8,5.0,-54.0,84.0,38.576,255.0,-99.0,-29.0
1488692057.901539,6,5.0,-55.0,84.0,38.671,-54.0,3.0,3.0
1488692058.12487,8,4.0,-55.0,85.0,38.624,-255.0,3.0,3.0
1488692058.348411,8,4.0,-55.0,85.0,38.671,-44.0,120.0,-34.0
1488692058.635796,1,4.0,-55.0,85.0,38.576,-42.0,3.0,3.0
1488692058.859573,8,4.0,-55.0,85.0,38.624,-256.0,-14.0,3.0
1488692059.084037,8,3.0,-55.0,85.0,38.671,-253.0,-250.0,3.0
1488692059.376215,2,3.0,-54.0,85.0,38.529,0.0,256.0,-115.0
1488692059.593969,8,5.0,-55.0,83.0,38.671,-121.0,515.0,-112.0
1488692059.818829,8,5.0,-55.0,83.0,38.624,-25.0,-41.0,3.0
1488692060.120338,0,5.0,-55.0,83.0,38.671,-244.0,199.0,-21.0
1488692060.344502,8,6.0,-54.0,83.0,38.576,255.0,247.0,3.0
1488692060.568047,8,6.0,-55.0,83.0,38.718,-74.0,0.0,-46.0
1488692060.790894,8,6.0,-55.0,83.0,38.624,-1.0,-53.0,-53.0
1488692061.014656,8,6.0,-55.0,84.0,38.624,3.0,135.0,-9.0
1488692061.237604,8,5.0,-55.0,84.0,38.671,-17.0,0.0,-11.0
1488692061.524931,6,6.0,-54.0,84.0,38.671,255.0,85.0,-24.0
1488692061.748421,8,5.0,-54.0,84.0,38.576,-110.0,3.0,3.0
1488692061.97191,8,5.0,-54.0,84.0,38.576,-253.0,0.0,-6.0
1488692062.259049,0,5.0,-54.0,84.0,38.012,255.0,178.0,-34.0
1488692062.482537,8,5.0,-54.0,84.0,38.718,3.0,60.0,3.0
1488692062.710168,8,5.0,-54.0,84.0,38.718,-42.0,-110.0,3.0
1488692063.00948,7,5.0,-54.0,85.0,38.576,-15.0,259.0,3.0
1488692063.232835,8,4.0,-54.0,85.0,38.671,0.0,29.0,3.0
1488692063.456834,8,4.0,-55.0,85.0,38.624,-242.0,0.0,3.0
1488692063.743777,3,4.0,-54.0,85.0,38.718,-21.0,252.0,-253.0
1488692063.967222,8,6.0,-54.0,82.0,38.785,3.0,259.0,3.0
1488692064.190807,8,7.0,-54.0,83.0,38.012,256.0,256.0,3.0
1488692064.477939,4,7.0,-53.0,82.0,38.718,-8.0,327.0,-32.0
1488692064.701454,8,9.0,-56.0,84.0,39.5,1226.0,-1280.0,1673.0
1488692064.925134,8,8.0,-54.0,84.0,39.515,255.0,259.0,-111.0
1488692065.148823,8,7.0,-54.0,84.0,38.765,-29.0,3.0,3.0
1488692065.372064,8,7.0,-53.0,83.0,38.718,-237.0,158.0,3.0
1488692065.595681,8,7.0,-54.0,83.0,38.671,255.0,149.0,3.0
1488692065.882891,6,6.0,-54.0,83.0,38.012,-125.0,-256.0,-4.0
1488692066.106327,8,6.0,-54.0,83.0,38.012,-1.0,-192.0,-49.0
1488692066.329405,8,6.0,-53.0,83.0,38.671,511.0,376.0,-253.0
1488692066.616948,4,6.0,-52.0,83.0,38.671,0.0,259.0,259.0
1488692066.840183,8,6.0,-50.0,84.0,38.671,668.0,515.0,515.0
1488692067.063908,8,6.0,-47.0,84.0,38.718,0.0,702.0,-11.0
1488692067.350983,0,6.0,-48.0,83.0,38.718,255.0,12.0,-82.0
1488692067.574568,8,6.0,-49.0,83.0,38.671,0.0,-369.0,187.0
1488692067.797844,8,8.0,-49.0,82.0,38.671,7.0,250.0,259.0
1488692068.085142,3,7.0,-49.0,81.0,38.671,-49.0,253.0,-253.0
1488692068.323356,8,11.0,-49.0,79.0,38.765,674.0,3.0,491.0
1488692068.548231,8,10.0,-49.0,79.0,38.785,255.0,135.0,-89.0
1488692068.835661,4,10.0,-49.0,79.0,38.012,0.0,256.0,-41.0
1488692069.059444,8,9.0,-52.0,80.0,38.012,-254.0,-808.0,515.0
1488692069.283506,8,9.0,-50.0,79.0,38.797,-279.0,771.0,-280.0
1488692069.569823,5,8.0,-49.0,79.0,38.718,3.0,256.0,3.0
1488692069.793539,8,8.0,-50.0,79.0,38.624,-50.0,56.0,-46.0
1488692070.01711,8,8.0,-50.0,80.0,38.718,3.0,-256.0,3.0
1488692070.304482,3,9.0,-48.0,79.0,38.671,173.0,744.0,-253.0
1488692070.527945,8,11.0,-50.0,78.0,38.718,770.0,-488.0,515.0
1488692070.751874,8,11.0,-49.0,79.0,38.671,-67.0,256.0,-51.0
1488692071.038631,4,10.0,-48.0,79.0,38.671,-70.0,512.0,-67.0
1488692071.262194,8,10.0,-53.0,81.0,38.671,260.0,-1522.0,1027.0
1488692071.485168,8,8.0,-53.0,80.0,38.624,-634.0,-675.0,-509.0
1488692071.773778,2,9.0,-51.0,79.0,38.785,-1.0,-181.0,-253.0
1488692071.99686,8,10.0,-53.0,78.0,38.718,-245.0,-722.0,515.0
1488692072.219662,8,10.0,-51.0,78.0,38.671,-489.0,154.0,140.0
1488692072.443296,8,9.0,-49.0,79.0,38.671,-253.0,139.0,170.0
1488692072.667708,8,9.0,-48.0,79.0,38.624,185.0,259.0,-109.0
1488692072.890025,8,9.0,-48.0,79.0,38.576,0.0,-27.0,3.0
1488692073.177725,3,8.0,-48.0,80.0,38.059,-256.0,0.0,-98.0
1488692073.400729,8,10.0,-48.0,80.0,38.012,513.0,-256.0,259.0
1488692073.624445,8,9.0,-49.0,80.0,38.012,-32.0,-337.0,259.0
1488692073.912336,2,9.0,-51.0,81.0,38.671,211.0,-1021.0,3.0
1488692074.135164,8,11.0,-55.0,80.0,38.624,-29.0,-2008.0,647.0
1488692074.358521,8,9.0,-53.0,80.0,38.671,-286.0,-578.0,259.0
1488692074.647067,0,8.0,-54.0,81.0,38.718,-256.0,-1024.0,221.0
1488692074.869376,8,8.0,-51.0,81.0,38.671,-112.0,-79.0,151.0
1488692075.092858,8,8.0,-50.0,81.0,38.012,-349.0,259.0,-113.0
1488692075.38048,2,7.0,-49.0,80.0,38.671,-30.0,65.0,-607.0
1488692075.604374,8,6.0,-46.0,82.0,38.671,-808.0,1536.0,771.0
1488692075.827089,8,5.0,-47.0,83.0,38.012,510.0,427.0,-509.0
1488692076.114731,2,3.0,-48.0,84.0,38.671,-509.0,3.0,3.0
1488692076.337621,8,7.0,-51.0,83.0,38.671,908.0,0.0,3.0
1488692076.561734,8,6.0,-53.0,84.0,38.671,-101.0,-607.0,187.0
1488692076.848704,3,5.0,-54.0,84.0,38.671,1.0,-256.0,148.0
1488692077.072177,8,6.0,-55.0,83.0,38.671,0.0,3.0,123.0
1488692077.297049,8,7.0,-56.0,83.0,39.512,255.0,-509.0,3.0
1488692077.582893,0,7.0,-56.0,83.0,38.671,3.0,-166.0,3.0
1488692077.807052,8,6.0,-55.0,84.0,38.624,-1.0,256.0,-77.0
1488692078.02985,8,6.0,-54.0,84.0,38.671,130.0,185.0,116.0
1488692078.318051,7,6.0,-56.0,84.0,38.671,255.0,-342.0,-6.0
1488692078.540902,8,6.0,-57.0,84.0,38.624,255.0,-509.0,-71.0
1488692078.764107,8,6.0,-55.0,84.0,38.671,3.0,256.0,3.0
1488692078.988151,8,6.0,-55.0,84.0,38.774,-12.0,-73.0,3.0
1488692079.21106,8,6.0,-55.0,84.0,38.671,255.0,130.0,-14.0
1488692079.434972,8,6.0,-55.0,84.0,38.624,-76.0,-77.0,3.0
1488692079.657802,8,5.0,-54.0,84.0,38.671,3.0,3.0,3.0
1488692079.881628,8,5.0,-55.0,84.0,38.624,0.0,0.0,3.0
1488692080.105826,8,5.0,-55.0,84.0,38.718,0.0,-70.0,3.0
1488692080.392338,7,5.0,-56.0,84.0,38.576,3.0,-253.0,3.0
1488692080.615894,8,4.0,-56.0,84.0,38.671,3.0,0.0,3.0
1488692080.840373,8,4.0,-56.0,84.0,38.576,-51.0,-101.0,-86.0
1488692081.12723,6,5.0,-56.0,84.0,38.671,255.0,3.0,-84.0
1488692081.350012,8,5.0,-55.0,84.0,38.671,-44.0,259.0,3.0
1488692081.574965,8,5.0,-55.0,84.0,38.576,-47.0,0.0,-23.0
1488692081.860661,3,5.0,-55.0,84.0,38.529,-56.0,3.0,-34.0
1488692082.08437,8,6.0,-58.0,84.0,38.718,-295.0,-1021.0,771.0
1488692082.308327,8,6.0,-58.0,83.0,38.671,3.0,-509.0,3.0
1488692082.594708,6,6.0,-56.0,83.0,38.576,189.0,3.0,3.0
1488692082.818985,8,6.0,-56.0,84.0,38.718,-9.0,3.0,3.0
1488692083.042002,8,5.0,-55.0,84.0,38.576,255.0,0.0,-38.0
1488692083.32905,5,6.0,-55.0,84.0,38.576,255.0,256.0,-71.0
1488692083.553525,8,6.0,-55.0,84.0,38.671,255.0,149.0,-255.0
1488692083.776537,8,5.0,-55.0,84.0,38.718,3.0,246.0,3.0
1488692084.064217,4,5.0,-55.0,84.0,38.671,3.0,256.0,3.0
1488692084.28744,8,6.0,-59.0,85.0,38.718,989.0,-2301.0,677.0
1488692084.511026,8,5.0,-57.0,85.0,38.529,-267.0,228.0,-113.0
1488692084.79756,1,4.0,-56.0,85.0,38.671,-256.0,-256.0,3.0
1488692085.021842,8,4.0,-55.0,85.0,38.624,146.0,176.0,-11.0
1488692085.244462,8,5.0,-55.0,84.0,38.624,0.0,-20.0,3.0
1488692085.531729,0,5.0,-55.0,84.0,38.576,-90.0,3.0,3.0
1488692085.75701,8,4.0,-55.0,84.0,38.576,-26.0,0.0,-11.0
1488692085.978993,8,4.0,-55.0,84.0,38.624,-256.0,3.0,3.0
1488692086.266707,1,4.0,-55.0,84.0,38.624,-21.0,-84.0,3.0
1488692086.489814,8,5.0,-56.0,84.0,38.671,-44.0,3.0,3.0
1488692086.713124,8,6.0,-54.0,83.0,38.624,210.0,688.0,3.0
1488692087.000955,7,10.0,-57.0,80.0,38.576,1275.0,-768.0,-509.0
1488692087.224181,8,9.0,-58.0,71.0,38.671,-1874.0,-632.0,-5920.0
1488692087.448026,8,19.0,-54.0,66.0,38.576,4089.0,-512.0,-1789.0
1488692087.734791,5,17.0,-47.0,75.0,38.624,-1678.0,2560.0,5123.0
1488692087.959281,8,14.0,-49.0,77.0,38.576,457.0,918.0,-1021.0
1488692088.181608,8,7.0,-53.0,80.0,38.576,-1897.0,-294.0,-1116.0
1488692088.469106,5,7.0,-54.0,82.0,38.671,1527.0,0.0,-509.0
1488692088.693429,8,6.0,-58.0,86.0,38.671,1238.0,-835.0,467.0
1488692088.916172,8,5.0,-60.0,87.0,38.576,519.0,-1053.0,259.0
1488692089.203268,7,4.0,-58.0,88.0,38.671,511.0,145.0,-253.0
1488692089.427576,8,3.0,-58.0,88.0,38.576,-42.0,195.0,-51.0
1488692089.650927,8,2.0,-58.0,89.0,38.576,0.0,-65.0,3.0
1488692089.938247,5,0.0,-58.0,90.0,38.576,-15.0,3.0,3.0
1488692090.161306,8,0.0,-58.0,90.0,38.576,255.0,3.0,-86.0
1488692090.385141,8,0.0,-58.0,90.0,38.671,-77.0,0.0,-69.0
1488692090.67178,2,0.0,-58.0,90.0,38.671,-63.0,0.0,-129.0
1488692090.89611,8,1.0,-62.0,89.0,38.624,527.0,-1367.0,771.0
1488692091.119379,8,0.0,-60.0,89.0,38.576,-109.0,-253.0,165.0
1488692091.406806,5,1.0,-59.0,89.0,38.624,0.0,-249.0,3.0
1488692091.629722,8,1.0,-59.0,88.0,38.576,3.0,0.0,3.0
1488692091.854274,8,1.0,-58.0,88.0,38.576,-38.0,-256.0,3.0
1488692092.140751,7,1.0,-58.0,87.0,38.671,0.0,3.0,3.0
1488692092.364809,8,1.0,-58.0,87.0,38.624,-14.0,0.0,-22.0
1488692092.589504,8,2.0,-57.0,87.0,38.576,255.0,170.0,-60.0
1488692092.890423,3,2.0,-56.0,86.0,38.576,-32.0,211.0,-115.0
1488692093.114589,8,5.0,-58.0,84.0,38.529,257.0,-253.0,397.0
1488692093.337803,8,4.0,-58.0,85.0,38.576,-86.0,-119.0,3.0
1488692093.625366,3,4.0,-58.0,85.0,38.718,0.0,210.0,-104.0
1488692093.84919,8,5.0,-59.0,85.0,39.491,898.0,-765.0,515.0
1488692094.071963,8,5.0,-59.0,85.0,38.671,140.0,-53.0,3.0
1488692094.359402,0,5.0,-59.0,85.0,38.718,3.0,-28.0,3.0
1488692094.584441,8,4.0,-58.0,85.0,38.718,3.0,3.0,3.0
1488692094.806489,8,4.0,-58.0,85.0,38.718,-23.0,3.0,-9.0
1488692095.093788,1,4.0,-59.0,85.0,38.718,3.0,-256.0,3.0
1488692095.317765,8,3.0,-59.0,85.0,38.718,-20.0,0.0,3.0
1488692095.541505,8,3.0,-58.0,85.0,38.671,-125.0,136.0,3.0
1488692095.828289,4,2.0,-57.0,86.0,38.671,-1.0,253.0,-253.0
1488692096.051432,8,2.0,-59.0,87.0,38.718,12.0,-1533.0,725.0
1488692096.274797,8,2.0,-57.0,85.0,38.671,-611.0,474.0,-509.0
1488692096.562683,3,2.0,-57.0,85.0,38.718,-277.0,0.0,-120.0
1488692096.785753,8,5.0,-57.0,84.0,38.671,1237.0,-509.0,259.0
1488692097.00978,8,4.0,-57.0,85.0,38.624,3.0,-14.0,197.0
1488692097.296398,6,5.0,-56.0,85.0,38.012,255.0,222.0,-119.0
1488692097.52014,8,5.0,-57.0,85.0,38.624,263.0,-129.0,259.0
1488692097.743567,8,4.0,-57.0,85.0,38.671,-1.0,3.0,-79.0
1488692098.030612,7,4.0,-57.0,86.0,38.774,7.0,204.0,259.0
1488692098.253897,8,3.0,-58.0,86.0,38.012,-256.0,-256.0,3.0
1488692098.477886,8,2.0,-60.0,87.0,38.624,-88.0,-512.0,207.0
1488692098.764894,6,1.0,-59.0,87.0,38.774,-85.0,138.0,3.0
1488692098.988328,8,1.0,-60.0,88.0,39.515,3.0,-15.0,3.0
1488692099.212355,8,1.0,-60.0,88.0,38.765,-249.0,178.0,3.0
1488692099.499098,7,0.0,-60.0,88.0,38.765,-71.0,0.0,-71.0
1488692099.722637,8,0.0,-59.0,88.0,38.774,0.0,208.0,3.0
1488692099.946787,8,1.0,-59.0,88.0,38.624,255.0,126.0,-37.0
1488692100.233509,0,1.0,-59.0,88.0,38.671,255.0,174.0,-66.0
1488692100.456838,8,1.0,-59.0,88.0,38.671,255.0,118.0,-63.0
1488692100.680436,8,1.0,-59.0,88.0,38.718,-46.0,0.0,-69.0
1488692100.967856,0,2.0,-60.0,87.0,38.774,141.0,0.0,-42.0
1488692101.191425,8,3.0,-59.0,87.0,38.774,255.0,3.0,-52.0
1488692101.415315,8,3.0,-59.0,86.0,38.774,255.0,206.0,-253.0
1488692101.701836,4,3.0,-58.0,85.0,38.106,-67.0,18.0,-67.0
1488692101.926408,8,3.0,-60.0,86.0,38.718,-96.0,-1156.0,182.0
1488692102.149294,8,3.0,-59.0,85.0,38.785,-1.0,259.0,-267.0
1488692102.372168,8,4.0,-58.0,85.0,38.765,-16.0,192.0,3.0
1488692102.595686,8,4.0,-58.0,85.0,39.515,-80.0,-69.0,151.0
1488692102.820307,8,4.0,-58.0,85.0,38.765,-34.0,3.0,3.0
1488692103.106524,6,4.0,-58.0,84.0,38.765,-20.0,0.0,-15.0
1488692103.330384,8,5.0,-58.0,84.0,38.765,-23.0,3.0,3.0
1488692103.554184,8,5.0,-58.0,84.0,39.515,-1.0,0.0,-2.0
1488692103.842683,1,5.0,-58.0,84.0,38.774,0.0,168.0,-2.0
1488692104.080013,8,5.0,-58.0,84.0,38.774,-66.0,3.0,3.0
1488692104.304306,8,5.0,-58.0,84.0,38.765,-31.0,-52.0,3.0
1488692104.591115,1,5.0,-59.0,84.0,38.774,3.0,63.0,3.0
1488692104.816174,8,5.0,-59.0,84.0,38.765,-45.0,0.0,3.0
1488692105.038755,8,5.0,-59.0,84.0,38.774,0.0,-234.0,3.0
1488692105.325736,0,5.0,-59.0,83.0,38.012,-82.0,0.0,-256.0
1488692105.549072,8,5.0,-59.0,83.0,39.515,-25.0,-251.0,3.0
1488692105.772403,8,5.0,-59.0,83.0,38.765,-86.0,0.0,-53.0
1488692106.059867,4,6.0,-59.0,83.0,38.768,-54.0,3.0,3.0
1488692106.283478,8,6.0,-62.0,84.0,39.456,438.0,-1533.0,668.0
1488692106.506867,8,6.0,-60.0,83.0,38.785,-257.0,259.0,-504.0
1488692106.794049,3,5.0,-59.0,84.0,38.768,3.0,3.0,-72.0
1488692107.01756,8,9.0,-58.0,82.0,38.765,1026.0,197.0,662.0
1488692107.241802,8,8.0,-59.0,82.0,39.515,-256.0,-305.0,3.0
1488692107.52834,6,8.0,-59.0,82.0,38.774,-83.0,-197.0,3.0
1488692107.752577,8,6.0,-58.0,83.0,38.765,-256.0,202.0,3.0
1488692107.976373,8,6.0,-58.0,83.0,38.765,-1.0,0.0,-27.0
1488692108.278031,3,6.0,-57.0,82.0,38.768,-75.0,37.0,-253.0
1488692108.502277,8,9.0,-59.0,81.0,39.512,271.0,-529.0,771.0
1488692108.72529,8,9.0,-58.0,81.0,39.515,255.0,0.0,-57.0
1488692109.013201,4,8.0,-58.0,82.0,38.768,-49.0,0.0,3.0
1488692109.237758,8,6.0,-61.0,83.0,39.497,-243.0,-1533.0,259.0
1488692109.459659,8,6.0,-60.0,83.0,39.512,-124.0,-253.0,156.0
1488692109.747205,5,5.0,-59.0,84.0,39.515,-6.0,3.0,3.0
1488692109.971507,8,5.0,-58.0,84.0,39.515,-104.0,-17.0,-45.0
1488692110.194242,8,4.0,-58.0,84.0,38.774,3.0,0.0,3.0
1488692110.48198,5,4.0,-58.0,84.0,38.774,-74.0,3.0,3.0
1488692110.705377,8,4.0,-57.0,84.0,38.774,3.0,-3.0,3.0
1488692110.928025,8,4.0,-57.0,84.0,38.774,3.0,167.0,3.0
1488692111.215713,0,4.0,-57.0,84.0,38.774,-30.0,0.0,-255.0
1488692111.439479,8,4.0,-58.0,84.0,38.765,-29.0,0.0,3.0
1488692111.662671,8,5.0,-58.0,83.0,38.774,-88.0,185.0,-251.0
1488692111.950339,6,4.0,-58.0,84.0,39.515,-89.0,128.0,3.0
1488692112.173923,8,5.0,-59.0,84.0,38.765,-43.0,-41.0,-17.0
1488692112.397004,8,4.0,-59.0,84.0,38.774,-148.0,0.0,-38.0
1488692112.683947,1,5.0,-59.0,84.0,38.765,0.0,3.0,3.0
1488692112.907637,8,5.0,-59.0,84.0,38.765,-37.0,0.0,-6.0
1488692113.131014,8,5.0,-59.0,84.0,39.515,3.0,3.0,3.0
1488692113.418513,0,5.0,-59.0,84.0,39.515,0.0,3.0,3.0
1488692113.642446,8,5.0,-59.0,84.0,38.774,0.0,3.0,3.0
1488692113.865303,8,5.0,-58.0,84.0,39.515,0.0,192.0,3.0
1488692114.152775,3,5.0,-58.0,84.0,38.768,-1.0,256.0,-253.0
1488692114.377273,8,9.0,-60.0,82.0,39.491,479.0,-765.0,924.0
1488692114.599484,8,9.0,-58.0,81.0,38.765,148.0,515.0,-27.0
1488692114.887274,7,9.0,-58.0,82.0,38.774,3.0,0.0,3.0
1488692115.111688,8,8.0,-58.0,82.0,38.774,-85.0,0.0,3.0
1488692115.335183,8,7.0,-58.0,82.0,39.515,-96.0,0.0,3.0
1488692115.621075,4,6.0,-57.0,83.0,38.785,0.0,505.0,3.0
1488692115.844745,8,6.0,-60.0,84.0,39.0,208.0,-1277.0,411.0
1488692116.068407,8,5.0,-59.0,83.0,38.771,-258.0,555.0,-509.0
1488692116.356181,0,5.0,-59.0,84.0,38.765,-42.0,3.0,3.0
1488692116.579165,8,5.0,-59.0,83.0,38.765,-255.0,-256.0,-70.0
1488692116.802647,8,5.0,-59.0,84.0,38.765,255.0,256.0,-30.0
1488692117.089517,7,5.0,-43.0,82.0,39.068,239.0,6147.0,-1138.0
1488692117.314923,8,8.0,-45.0,77.0,38.832,467.0,1418.0,-2906.0
1488692117.55225,8,5.0,-47.0,76.0,38.779,-1595.0,1454.0,-1842.0
1488692117.84018,3,5.0,-54.0,77.0,39.503,-867.0,-509.0,3.0
1488692118.063667,8,7.0,-58.0,81.0,39.409,1815.0,-2304.0,1283.0
1488692118.286794,8,7.0,-62.0,85.0,39.468,258.0,-1533.0,2051.0
1488692118.574121,1,6.0,-62.0,85.0,39.491,-542.0,-658.0,126.0
1488692118.797863,8,6.0,-60.0,85.0,38.765,-253.0,-57.0,3.0
1488692119.021728,8,5.0,-58.0,85.0,38.774,-88.0,117.0,-78.0
1488692119.30942,7,5.0,-57.0,86.0,39.0,-1.0,141.0,-35.0
1488692119.532485,8,5.0,-57.0,86.0,39.515,3.0,-18.0,-10.0
1488692119.755827,8,5.0,-57.0,86.0,39.515,-23.0,3.0,-88.0
1488692119.979248,8,5.0,-57.0,85.0,38.765,0.0,171.0,3.0
1488692120.20236,8,5.0,-58.0,85.0,38.774,255.0,-207.0,-12.0
1488692120.426096,8,5.0,-58.0,85.0,38.765,-19.0,3.0,-11.0
1488692120.713859,2,5.0,-57.0,84.0,38.768,-115.0,3.0,-253.0
1488692120.936537,8,7.0,-61.0,83.0,39.491,258.0,-1247.0,515.0
1488692121.160567,8,7.0,-58.0,84.0,38.797,174.0,512.0,3.0
1488692121.448578,6,7.0,-56.0,84.0,38.768,186.0,434.0,130.0
1488692121.671345,8,7.0,-55.0,83.0,38.774,154.0,515.0,173.0
1488692121.898467,8,7.0,-56.0,84.0,39.515,650.0,0.0,482.0
1488692122.197536,0,7.0,-55.0,84.0,38.768,228.0,459.0,3.0
1488692122.421907,8,7.0,-55.0,84.0,38.768,-39.0,256.0,3.0
1488692122.645879,8,7.0,-57.0,83.0,39.503,255.0,-509.0,-64.0
1488692122.947749,0,7.0,-58.0,83.0,39.515,3.0,-509.0,134.0
1488692123.173724,8,7.0,-58.0,82.0,39.512,255.0,0.0,-253.0
1488692123.410371,8,6.0,-58.0,82.0,39.515,-125.0,-256.0,-49.0
1488692123.697856,4,6.0,-56.0,82.0,38.785,-59.0,256.0,3.0
1488692123.921508,8,8.0,-59.0,83.0,39.444,938.0,-1792.0,1023.0
1488692124.144858,8,6.0,-54.0,82.0,38.797,-516.0,946.0,-509.0
1488692124.432118,5,6.0,-55.0,83.0,39.512,-249.0,-253.0,259.0
1488692124.656205,8,5.0,-55.0,83.0,39.515,-74.0,0.0,-29.0
1488692124.879347,8,6.0,-56.0,82.0,39.515,0.0,-253.0,3.0
1488692125.166332,0,6.0,-57.0,82.0,39.512,-17.0,-509.0,190.0
1488692125.390599,8,6.0,-56.0,83.0,38.765,-32.0,259.0,3.0
1488692125.614278,8,6.0,-57.0,83.0,39.515,-77.0,-256.0,207.0
1488692125.901299,4,5.0,-56.0,83.0,38.771,-52.0,256.0,-66.0
1488692126.124712,8,7.0,-58.0,83.0,39.497,1026.0,-1280.0,699.0
1488692126.348314,8,6.0,-57.0,83.0,39.509,-352.0,-512.0,173.0
1488692126.636259,3,6.0,-56.0,83.0,38.768,-105.0,-152.0,-100.0
1488692126.8637,8,8.0,-60.0,82.0,39.506,519.0,-1533.0,259.0
1488692127.098163,8,7.0,-58.0,82.0,38.785,-269.0,-55.0,3.0
1488692127.385401,6,7.0,-55.0,82.0,38.771,150.0,284.0,-139.0
1488692127.608815,8,7.0,-55.0,82.0,39.503,-38.0,217.0,175.0
1488692127.832656,8,6.0,-55.0,83.0,38.768,-256.0,0.0,3.0
1488692128.119306,2,6.0,-55.0,83.0,38.768,255.0,259.0,-253.0
1488692128.343815,8,7.0,-61.0,83.0,39.494,515.0,-2002.0,958.0
1488692128.566861,8,7.0,-61.0,83.0,39.491,-115.0,-509.0,259.0
1488692128.790064,8,6.0,-59.0,83.0,39.512,-253.0,-253.0,150.0
1488692129.013668,8,6.0,-58.0,83.0,39.515,159.0,-1.0,-26.0
1488692129.237086,8,6.0,-58.0,83.0,39.515,-253.0,-91.0,3.0
1488692129.524654,3,5.0,-59.0,83.0,39.515,-511.0,-256.0,259.0
1488692129.748035,8,4.0,-59.0,84.0,39.491,-757.0,-509.0,479.0
1488692129.971127,8,3.0,-62.0,85.0,39.491,-254.0,-1280.0,515.0
1488692130.259216,3,2.0,-60.0,85.0,39.515,-114.0,0.0,-253.0
1488692130.481832,8,4.0,-61.0,85.0,39.503,696.0,-476.0,3.0
1488692130.706315,8,4.0,-61.0,85.0,39.491,-56.0,-504.0,175.0
1488692130.992776,7,3.0,-60.0,85.0,38.765,3.0,-52.0,3.0
1488692131.21671,8,4.0,-60.0,86.0,38.774,255.0,0.0,-33.0
1488692131.439931,8,3.0,-60.0,86.0,38.774,-247.0,-219.0,3.0
1488692131.728073,0,3.0,-59.0,85.0,38.765,-29.0,43.0,3.0
1488692131.951233,8,3.0,-60.0,85.0,38.768,-41.0,-253.0,-81.0
1488692132.174156,8,3.0,-60.0,86.0,39.503,-104.0,-83.0,3.0
1488692132.461906,1,2.0,-61.0,86.0,38.765,-251.0,-25.0,3.0
1488692132.685056,8,2.0,-63.0,86.0,39.512,0.0,-768.0,144.0
1488692132.908775,8,3.0,-63.0,86.0,39.512,0.0,-256.0,3.0
1488692133.196076,7,3.0,-64.0,86.0,39.512,0.0,-256.0,3.0
1488692133.419072,8,3.0,-64.0,86.0,38.765,-10.0,-362.0,-93.0
1488692133.643335,8,3.0,-65.0,86.0,38.785,255.0,-438.0,-49.0
1488692133.930517,5,3.0,-64.0,86.0,38.765,255.0,0.0,-11.0
1488692134.153732,8,3.0,-64.0,86.0,38.774,-48.0,-245.0,3.0
1488692134.376746,8,3.0,-63.0,86.0,38.765,-24.0,183.0,-55.0
1488692134.664835,3,3.0,-62.0,85.0,38.768,-1.0,183.0,-253.0
1488692134.888071,8,5.0,-64.0,85.0,39.479,200.0,-885.0,412.0
1488692135.111324,8,5.0,-64.0,85.0,39.515,460.0,-263.0,240.0
1488692135.398164,1,4.0,-62.0,85.0,38.765,3.0,92.0,3.0
1488692135.621776,8,4.0,-62.0,85.0,38.774,-85.0,0.0,-5.0
1488692135.8455,8,4.0,-61.0,85.0,38.768,-69.0,259.0,-91.0
1488692136.132853,1,3.0,-62.0,86.0,39.512,-131.0,-503.0,202.0
1488692136.356301,8,3.0,-62.0,85.0,39.515,-281.0,-41.0,3.0
1488692136.580078,8,2.0,-63.0,86.0,39.512,-256.0,-339.0,3.0
1488692136.882593,4,2.0,-63.0,87.0,38.768,-249.0,202.0,213.0
1488692137.106875,8,2.0,-70.0,88.0,39.409,475.0,-2560.0,698.0
1488692137.330458,8,1.0,-64.0,88.0,38.771,-257.0,515.0,-253.0
1488692137.617611,0,2.0,-62.0,87.0,38.774,255.0,171.0,-94.0
1488692137.842168,8,2.0,-62.0,87.0,39.515,-253.0,-256.0,3.0
1488692138.066584,8,2.0,-62.0,86.0,38.765,-39.0,164.0,-102.0
1488692138.287437,8,3.0,-60.0,86.0,38.768,139.0,460.0,-330.0
1488692138.511244,8,3.0,-61.0,85.0,38.765,-31.0,0.0,-8.0
1488692138.734488,8,3.0,-62.0,85.0,39.515,-73.0,-78.0,-7.0
1488692139.021841,2,4.0,-62.0,85.0,38.771,255.0,256.0,-253.0
1488692139.245142,8,6.0,-64.0,83.0,39.512,413.0,-764.0,424.0
1488692139.46861,8,6.0,-64.0,84.0,39.515,-1.0,-102.0,3.0
1488692139.756049,5,6.0,-63.0,83.0,38.774,0.0,3.0,3.0
1488692139.979405,8,6.0,-63.0,83.0,38.765,0.0,3.0,3.0
1488692140.202959,8,6.0,-62.0,83.0,38.774,3.0,3.0,3.0
1488692140.427096,8,6.0,-62.0,83.0,38.774,-50.0,3.0,3.0
1488692140.650093,8,5.0,-62.0,83.0,38.774,-56.0,188.0,-95.0
1488692140.873163,8,5.0,-62.0,83.0,38.765,-14.0,164.0,-25.0
1488692141.161545,3,5.0,-61.0,83.0,38.785,-38.0,248.0,-253.0
1488692141.384412,8,6.0,-63.0,83.0,39.512,238.0,-512.0,243.0
1488692141.607576,8,5.0,-65.0,84.0,39.491,263.0,-765.0,405.0
1488692141.89461,6,6.0,-64.0,84.0,39.515,147.0,-253.0,174.0
1488692142.119166,8,6.0,-64.0,84.0,39.515,-41.0,-254.0,3.0
1488692142.341862,8,6.0,-63.0,84.0,38.774,255.0,101.0,3.0
1488692142.629721,1,6.0,-63.0,84.0,38.774,3.0,-244.0,3.0
1488692142.852435,8,5.0,-62.0,84.0,38.774,0.0,3.0,3.0
1488692143.076171,8,5.0,-62.0,84.0,39.515,-112.0,-253.0,3.0
1488692143.363679,0,5.0,-62.0,84.0,38.765,-5.0,3.0,3.0
1488692143.587364,8,5.0,-62.0,83.0,38.765,-31.0,170.0,-5.0
1488692143.810227,8,5.0,-61.0,83.0,38.765,-25.0,0.0,3.0
1488692144.097831,7,5.0,-62.0,83.0,38.765,-28.0,161.0,3.0
1488692144.321697,8,5.0,-62.0,84.0,39.515,-35.0,3.0,129.0
1488692144.544781,8,5.0,-62.0,84.0,38.774,-103.0,0.0,3.0
1488692144.832543,2,4.0,-49.0,80.0,38.815,-797.0,4355.0,-2182.0
1488692145.056954,8,14.0,-59.0,77.0,39.494,2511.0,-1792.0,1746.0
1488692145.27982,8,4.0,-61.0,91.0,39.468,-2863.0,-1116.0,7106.0
1488692145.56736,3,-7.0,-62.0,103.0,39.45,-1272.0,-5632.0,1795.0
1488692145.789861,8,-20.0,-64.0,118.0,39.465,1540.0,-4494.0,1258.0
1488692146.016999,8,-28.0,-69.0,131.0,39.232,3336.0,-6428.0,2207.0
1488692146.318318,2,-45.0,-71.0,-174.0,39.485,3051.0,-2816.0,-1533.0
1488692146.539988,8,-68.0,-75.0,-174.0,38.891,-2689.0,2750.0,-2876.0
1488692146.764114,8,-77.0,-75.0,174.0,38.768,511.0,259.0,-122.0
1488692147.05153,6,-83.0,-77.0,174.0,39.503,-110.0,-349.0,155.0
1488692147.274776,8,-85.0,-76.0,173.0,39.515,-34.0,-253.0,259.0
1488692147.497512,8,-88.0,-77.0,173.0,38.765,-257.0,0.0,-16.0
1488692147.785115,1,-91.0,-77.0,172.0,38.765,-40.0,245.0,-317.0
1488692148.008574,8,-90.0,-76.0,169.0,38.797,-69.0,639.0,-828.0
1488692148.233056,8,-89.0,-77.0,167.0,38.768,-43.0,447.0,-570.0
1488692148.519606,2,-86.0,-78.0,164.0,38.785,-82.0,0.0,-121.0
1488692148.7432,8,-81.0,-80.0,160.0,39.515,-253.0,-253.0,151.0
1488692148.966851,8,-76.0,-79.0,156.0,39.515,-256.0,-256.0,3.0
1488692149.253444,2,-74.0,-78.0,155.0,38.768,-130.0,44.0,-253.0
1488692149.477306,8,-71.0,-79.0,153.0,39.512,152.0,-765.0,259.0
1488692149.700957,8,-69.0,-78.0,152.0,39.515,-268.0,-256.0,3.0
1488692149.988063,2,-68.0,-78.0,151.0,38.768,-105.0,0.0,-135.0
1488692150.211566,8,-66.0,-79.0,151.0,38.771,-70.0,675.0,-6.0
1488692150.435513,8,-64.0,-79.0,150.0,39.503,-67.0,-283.0,141.0
1488692150.722394,1,-63.0,-79.0,149.0,38.774,-104.0,129.0,-41.0
1488692150.945576,8,-62.0,-79.0,150.0,38.774,-5.0,3.0,-66.0
1488692151.1693,8,-62.0,-79.0,151.0,39.515,255.0,-56.0,-8.0
1488692151.456507,7,-63.0,-79.0,151.0,39.515,-252.0,3.0,3.0
1488692151.679753,8,-62.0,-79.0,151.0,38.774,255.0,227.0,-93.0
1488692151.903933,8,-60.0,-79.0,149.0,38.768,-3.0,512.0,-509.0
1488692152.190802,1,-57.0,-78.0,147.0,39.503,445.0,-512.0,201.0
1488692152.414197,8,-55.0,-78.0,146.0,39.509,515.0,-565.0,235.0
1488692152.638296,8,-55.0,-78.0,146.0,38.774,-92.0,0.0,3.0
1488692152.926077,2,-55.0,-78.0,146.0,38.768,-103.0,230.0,-106.0
1488692153.14867,8,-55.0,-80.0,145.0,39.515,-381.0,-256.0,259.0
1488692153.374235,8,-53.0,-79.0,143.0,39.515,-113.0,-253.0,259.0
1488692153.659212,6,-53.0,-79.0,143.0,39.515,-97.0,-94.0,3.0
1488692153.882901,8,-54.0,-78.0,144.0,38.765,-54.0,198.0,-17.0
1488692154.108822,8,-54.0,-79.0,144.0,39.515,-98.0,-29.0,3.0
1488692154.40898,6,-55.0,-79.0,145.0,38.774,0.0,3.0,3.0
1488692154.63401,8,-55.0,-79.0,145.0,38.774,-107.0,0.0,-26.0
1488692154.856463,8,-55.0,-78.0,145.0,38.774,-95.0,0.0,-49.0
1488692155.144157,2,-56.0,-79.0,145.0,39.141,-78.0,0.0,-86.0
1488692155.367126,8,-54.0,-80.0,145.0,38.765,-19.0,3.0,395.0
1488692155.591231,8,-54.0,-79.0,144.0,39.515,-253.0,-95.0,3.0
1488692155.878762,3,-54.0,-79.0,143.0,38.785,-70.0,1.0,-99.0
1488692156.101991,8,-55.0,-80.0,145.0,39.509,427.0,-768.0,188.0
1488692156.324918,8,-54.0,-79.0,145.0,39.503,255.0,-509.0,3.0
1488692156.549281,8,-54.0,-79.0,145.0,38.774,-53.0,195.0,3.0
1488692156.77276,8,-55.0,-79.0,145.0,38.774,-256.0,174.0,-37.0
1488692156.99574,8,-57.0,-79.0,147.0,38.774,255.0,0.0,-15.0
1488692157.282538,7,-59.0,-79.0,150.0,39.515,3.0,-74.0,3.0
1488692157.506805,8,-59.0,-79.0,149.0,38.774,-59.0,124.0,-15.0
1488692157.729707,8,-59.0,-79.0,149.0,39.094,-48.0,3.0,3.0
1488692158.017284,5,-59.0,-79.0,149.0,39.188,-88.0,259.0,3.0
1488692158.240392,8,-59.0,-79.0,149.0,39.094,-89.0,-204.0,3.0
1488692158.464436,8,-60.0,-79.0,149.0,39.094,-101.0,-45.0,-2.0
1488692158.751166,2,-59.0,-79.0,149.0,38.768,-106.0,57.0,-115.0
1488692158.975587,8,-56.0,-80.0,146.0,39.515,-320.0,-256.0,259.0
1488692159.198367,8,-55.0,-79.0,145.0,39.188,-253.0,-253.0,148.0
1488692159.485901,2,-56.0,-80.0,146.0,38.768,-256.0,0.0,-94.0
1488692159.709654,8,-53.0,-80.0,142.0,39.141,-261.0,0.0,259.0
1488692159.93333,8,-51.0,-79.0,141.0,38.774,-354.0,-246.0,3.0
1488692160.219891,2,-51.0,-79.0,140.0,38.774,-104.0,205.0,-83.0
1488692160.445051,8,-51.0,-81.0,140.0,39.235,-304.0,0.0,189.0
1488692160.683934,8,-49.0,-81.0,138.0,39.188,-253.0,-253.0,156.0
1488692160.90611,8,-47.0,-80.0,137.0,39.047,-125.0,0.0,3.0
1488692161.129935,8,-46.0,-80.0,136.0,39.141,-107.0,127.0,-72.0
1488692161.353296,8,-45.0,-80.0,134.0,39.141,-48.0,226.0,-25.0
1488692161.644363,7,-43.0,-80.0,133.0,39.094,-29.0,0.0,3.0
1488692161.863887,8,-42.0,-79.0,132.0,39.094,-70.0,3.0,3.0
1488692162.088239,8,-41.0,-80.0,132.0,39.141,-12.0,-40.0,3.0
1488692162.375251,1,-40.0,-79.0,131.0,39.141,-68.0,0.0,-28.0
1488692162.598097,8,-40.0,-79.0,130.0,39.141,-19.0,182.0,3.0
1488692162.821899,8,-40.0,-79.0,130.0,39.141,-48.0,-193.0,3.0
1488692163.110505,4,-41.0,-79.0,131.0,39.235,-253.0,212.0,-15.0
1488692163.335015,8,-42.0,-81.0,130.0,39.188,-1068.0,953.0,-92.0
1488692163.555799,8,-43.0,-81.0,131.0,39.235,-789.0,633.0,-89.0
1488692163.843581,6,-44.0,-81.0,133.0,39.235,-26.0,208.0,3.0
1488692164.06854,8,-43.0,-80.0,133.0,39.188,-76.0,3.0,3.0
1488692164.291049,8,-44.0,-80.0,133.0,39.141,-50.0,101.0,3.0
1488692164.577826,2,-45.0,-79.0,134.0,39.235,-102.0,0.0,-113.0
1488692164.801605,8,-43.0,-80.0,134.0,39.188,-116.0,-37.0,723.0
1488692165.025592,8,-44.0,-79.0,135.0,39.235,-512.0,183.0,3.0
1488692165.312251,4,-44.0,-79.0,134.0,39.188,255.0,259.0,-134.0
1488692165.535787,8,-47.0,-80.0,136.0,39.141,-1026.0,1024.0,-509.0
1488692165.75923,8,-46.0,-80.0,135.0,39.188,-272.0,-317.0,139.0
1488692166.046152,6,-45.0,-79.0,135.0,39.235,-103.0,-427.0,253.0
1488692166.269926,8,-45.0,-79.0,135.0,39.141,-1.0,3.0,-87.0
1488692166.493267,8,-44.0,-80.0,134.0,39.282,-64.0,198.0,-316.0
1488692166.780953,2,-43.0,-80.0,132.0,39.188,-595.0,768.0,-130.0
1488692167.00488,8,-39.0,-80.0,129.0,39.235,-332.0,-512.0,510.0
1488692167.227896,8,-38.0,-79.0,128.0,39.282,-134.0,-267.0,202.0
1488692167.515202,4,-37.0,-79.0,127.0,39.282,-151.0,152.0,-30.0
1488692167.738258,8,-35.0,-80.0,124.0,39.235,-1277.0,1539.0,3.0
1488692167.961893,8,-34.0,-79.0,123.0,39.188,-509.0,-253.0,175.0
1488692168.249205,3,-33.0,-78.0,123.0,39.282,3.0,-500.0,3.0
1488692168.472277,8,-31.0,-78.0,121.0,39.235,-360.0,256.0,-253.0
1488692168.696175,8,-30.0,-79.0,120.0,39.188,255.0,3.0,-82.0
1488692168.983673,1,-31.0,-79.0,121.0,39.235,-36.0,470.0,-253.0
1488692169.207062,8,-32.0,-79.0,122.0,39.141,3.0,-181.0,3.0
1488692169.43024,8,-33.0,-78.0,123.0,39.329,-30.0,-253.0,3.0
1488692169.718473,4,-34.0,-79.0,125.0,39.188,-1.0,239.0,-11.0
1488692169.940934,8,-32.0,-79.0,122.0,39.188,-1021.0,768.0,253.0
1488692170.164452,8,-35.0,-79.0,124.0,39.329,-514.0,940.0,-311.0
1488692170.38827,8,-35.0,-79.0,124.0,39.329,0.0,-106.0,141.0
1488692170.611057,8,-34.0,-79.0,124.0,39.235,-98.0,3.0,-253.0
1488692170.836265,8,-34.0,-79.0,124.0,39.235,-133.0,256.0,-75.0
1488692171.137514,4,-29.0,-77.0,114.0,39.235,-553.0,4099.0,-2688.0
1488692171.361719,8,-25.0,-74.0,108.0,39.282,-1813.0,3562.0,-1321.0
1488692171.585251,8,-20.0,-69.0,104.0,39.235,-2449.0,30.0,1765.0
1488692171.873198,0,-18.0,-64.0,105.0,39.282,-1831.0,0.0,1795.0
1488692172.096216,8,-18.0,-59.0,107.0,39.282,-1351.0,-1505.0,1714.0
1488692172.319539,8,-17.0,-57.0,107.0,39.329,-1.0,-601.0,-18.0
1488692172.606434,0,-15.0,-57.0,107.0,39.282,255.0,240.0,-253.0
1488692172.830655,8,-16.0,-58.0,107.0,39.235,-362.0,161.0,-253.0
1488692173.054058,8,-15.0,-59.0,106.0,39.235,161.0,161.0,-853.0
1488692173.343031,6,-12.0,-60.0,105.0,39.329,926.0,484.0,-509.0
1488692173.579927,8,-12.0,-59.0,104.0,39.282,-761.0,-101.0,259.0
1488692173.80432,8,-13.0,-60.0,105.0,39.188,-114.0,-131.0,-98.0
1488692174.091739,0,-13.0,-61.0,105.0,39.282,-252.0,3.0,3.0
1488692174.31446,8,-13.0,-62.0,105.0,39.188,255.0,0.0,-39.0
1488692174.538255,8,-13.0,-62.0,106.0,39.282,-55.0,-232.0,-31.0
1488692174.761756,8,-14.0,-63.0,106.0,39.235,-249.0,0.0,3.0
1488692174.985059,8,-14.0,-63.0,106.0,39.282,3.0,3.0,3.0
1488692175.209008,8,-14.0,-63.0,106.0,39.282,121.0,3.0,3.0
1488692175.495763,5,-14.0,-63.0,106.0,39.188,3.0,-225.0,3.0
1488692175.719323,8,-15.0,-63.0,106.0,39.235,-49.0,3.0,-7.0
1488692175.942933,8,-15.0,-63.0,106.0,39.329,-121.0,-3.0,-56.0
1488692176.231019,7,-15.0,-63.0,106.0,39.329,256.0,-111.0,3.0
1488692176.453604,8,-14.0,-63.0,106.0,39.282,255.0,-156.0,3.0
1488692176.677253,8,-15.0,-63.0,106.0,39.282,3.0,-475.0,3.0
1488692176.964409,5,-15.0,-64.0,106.0,39.282,-8.0,3.0,3.0
1488692177.191339,8,-16.0,-63.0,106.0,39.235,0.0,-68.0,3.0
1488692177.411365,8,-16.0,-63.0,106.0,39.235,0.0,-232.0,3.0
1488692177.699022,3,-16.0,-63.0,106.0,39.188,-64.0,-58.0,-83.0
1488692177.923653,8,-15.0,-65.0,104.0,39.282,-261.0,515.0,-336.0
1488692178.145557,8,-15.0,-64.0,105.0,39.188,-23.0,202.0,3.0
1488692178.433242,6,-16.0,-64.0,105.0,39.282,-82.0,-255.0,3.0
1488692178.656905,8,-16.0,-64.0,106.0,39.235,-25.0,-253.0,3.0
1488692178.880396,8,-16.0,-64.0,105.0,39.141,146.0,-208.0,3.0
1488692179.167964,7,-16.0,-64.0,106.0,39.188,0.0,-16.0,3.0
1488692179.391578,8,-15.0,-64.0,106.0,39.329,255.0,-256.0,3.0
1488692179.614118,8,-16.0,-64.0,106.0,39.235,0.0,-256.0,3.0
1488692179.902132,0,-16.0,-65.0,107.0,39.188,-47.0,33.0,3.0
1488692180.126478,8,-17.0,-64.0,106.0,39.282,-143.0,-43.0,-57.0
1488692180.34894,8,-17.0,-65.0,107.0,39.282,-87.0,3.0,3.0
1488692180.63631,1,-17.0,-65.0,107.0,39.141,-34.0,0.0,-26.0
1488692180.860463,8,-17.0,-65.0,106.0,39.235,-105.0,129.0,-67.0
1488692181.08316,8,-17.0,-65.0,106.0,39.141,3.0,3.0,3.0
1488692181.308357,8,-16.0,-65.0,106.0,39.141,-29.0,0.0,-14.0
1488692181.530044,8,-16.0,-65.0,106.0,39.282,-76.0,-28.0,-27.0
1488692181.753706,8,-16.0,-65.0,106.0,39.188,-23.0,3.0,3.0
1488692181.976753,8,-16.0,-65.0,106.0,39.235,-8.0,-99.0,-13.0
1488692182.20127,8,-16.0,-65.0,106.0,39.282,-30.0,3.0,3.0
1488692182.424475,8,-16.0,-64.0,106.0,39.282,-2.0,3.0,3.0
1488692182.711996,1,-16.0,-65.0,106.0,38.774,-113.0,256.0,3.0
1488692182.934875,8,-16.0,-65.0,106.0,39.188,3.0,3.0,3.0
1488692183.158269,8,-16.0,-65.0,106.0,39.188,-20.0,234.0,-4.0
1488692183.381917,8,-16.0,-65.0,106.0,39.188,0.0,181.0,3.0
1488692183.606633,8,-16.0,-65.0,106.0,39.188,-44.0,112.0,-62.0
1488692183.828652,8,-16.0,-65.0,106.0,39.188,-1.0,0.0,-71.0
1488692184.117386,6,-17.0,-64.0,106.0,39.188,-132.0,259.0,3.0
1488692184.339773,8,-16.0,-65.0,106.0,39.188,255.0,119.0,3.0
1488692184.563066,8,-16.0,-65.0,106.0,39.188,3.0,3.0,3.0
1488692184.852125,4,-16.0,-65.0,106.0,39.188,-36.0,259.0,3.0
1488692185.074002,8,-14.0,-63.0,106.0,39.503,1025.0,-1024.0,413.0
1488692185.297787,8,-15.0,-64.0,104.0,38.768,-516.0,-49.0,-783.0
1488692185.520487,8,-14.0,-64.0,103.0,39.235,-400.0,3.0,3.0
1488692185.744212,8,-13.0,-66.0,103.0,39.188,255.0,512.0,-29.0
1488692185.968221,8,-14.0,-65.0,103.0,39.141,-506.0,-256.0,-32.0
1488692186.192124,8,-14.0,-64.0,104.0,39.235,3.0,-384.0,130.0
1488692186.416299,8,-14.0,-64.0,103.0,39.141,-256.0,3.0,-253.0
1488692186.638628,8,-14.0,-64.0,103.0,39.141,-55.0,-256.0,3.0
1488692186.928384,1,-13.0,-65.0,103.0,39.235,3.0,-253.0,154.0
1488692187.164322,8,-14.0,-65.0,103.0,39.235,-67.0,259.0,3.0
1488692187.388516,8,-13.0,-65.0,103.0,39.235,-12.0,3.0,3.0
1488692187.675527,5,-13.0,-65.0,103.0,39.141,-1.0,-84.0,-43.0
1488692187.899078,8,-13.0,-65.0,103.0,39.141,-260.0,459.0,-253.0
1488692188.123743,8,-13.0,-64.0,102.0,39.141,-257.0,233.0,-253.0
1488692188.409885,1,-13.0,-64.0,102.0,39.094,-1.0,169.0,-253.0
1488692188.633571,8,-13.0,-64.0,102.0,39.094,-247.0,-39.0,191.0
1488692188.857675,8,-13.0,-64.0,102.0,39.235,-75.0,0.0,-255.0
1488692189.144231,3,-13.0,-64.0,102.0,39.141,3.0,221.0,-119.0
1488692189.368139,8,-10.0,-62.0,102.0,39.094,936.0,-802.0,771.0
1488692189.590984,8,-10.0,-61.0,102.0,39.0,-63.0,-512.0,3.0
1488692189.879281,6,-11.0,-62.0,102.0,39.094,-58.0,0.0,-60.0
1488692190.101832,8,-12.0,-63.0,103.0,39.094,3.0,3.0,3.0
1488692190.325115,8,-12.0,-63.0,102.0,39.094,0.0,-252.0,3.0
1488692190.616199,6,-12.0,-64.0,102.0,39.094,3.0,-30.0,3.0
1488692190.836162,8,-12.0,-64.0,102.0,39.235,-32.0,95.0,3.0
1488692191.061107,8,-12.0,-64.0,102.0,39.515,-241.0,-238.0,3.0
1488692191.362539,5,-12.0,-64.0,102.0,38.768,-15.0,-248.0,-39.0
1488692191.587012,8,-12.0,-64.0,102.0,39.141,-70.0,0.0,-61.0
1488692191.809793,8,-12.0,-64.0,102.0,39.094,0.0,3.0,3.0
1488692192.098273,1,-13.0,-64.0,102.0,38.774,-1.0,0.0,3.0
1488692192.321041,8,-13.0,-64.0,103.0,39.515,3.0,0.0,3.0
1488692192.546533,8,-12.0,-64.0,102.0,39.188,-25.0,55.0,-244.0
1488692192.849504,4,-12.0,-63.0,102.0,39.094,-118.0,141.0,3.0
1488692193.07102,8,-10.0,-62.0,102.0,39.188,674.0,-2293.0,771.0
1488692193.294805,8,-10.0,-62.0,101.0,39.515,-257.0,-253.0,3.0
1488692193.582232,1,-11.0,-62.0,101.0,39.515,-60.0,-256.0,3.0
1488692193.805402,8,-11.0,-63.0,101.0,39.515,-82.0,449.0,-7.0
1488692194.030062,8,-11.0,-64.0,101.0,39.141,255.0,671.0,-253.0
1488692194.316628,2,-10.0,-64.0,101.0,38.774,427.0,633.0,-253.0
1488692194.539581,8,-8.0,-63.0,99.0,39.0,494.0,-2301.0,666.0
1488692194.764063,8,-5.0,-62.0,97.0,38.774,993.0,768.0,-253.0
1488692195.050507,5,-5.0,-61.0,96.0,38.765,0.0,180.0,3.0
1488692195.274107,8,-4.0,-60.0,95.0,38.768,247.0,515.0,-253.0
1488692195.498233,8,-3.0,-60.0,94.0,39.047,255.0,0.0,-34.0
1488692195.784821,5,-3.0,-59.0,93.0,38.768,-253.0,244.0,3.0
1488692196.009793,8,-3.0,-59.0,93.0,39.515,255.0,-253.0,-87.0
1488692196.234318,8,-3.0,-59.0,92.0,39.515,-112.0,-484.0,-72.0
1488692196.534678,3,-4.0,-60.0,92.0,38.768,-326.0,194.0,3.0
1488692196.764144,8,-1.0,-60.0,92.0,39.503,514.0,-1277.0,700.0
1488692196.998554,8,-2.0,-61.0,91.0,39.094,-293.0,3.0,-509.0
1488692197.286143,5,-3.0,-61.0,92.0,39.515,-253.0,-256.0,139.0
1488692197.508965,8,-3.0,-62.0,92.0,39.515,-25.0,3.0,3.0
1488692197.732393,8,-4.0,-62.0,93.0,38.768,-253.0,3.0,3.0
1488692197.955933,8,-4.0,-62.0,93.0,39.515,-47.0,-111.0,3.0
1488692198.178926,8,-4.0,-63.0,93.0,39.0,0.0,-253.0,3.0
1488692198.402642,8,-4.0,-63.0,94.0,38.774,-96.0,3.0,3.0
1488692198.690528,5,-5.0,-63.0,95.0,38.774,255.0,0.0,-11.0
1488692198.9193,8,-6.0,-63.0,96.0,38.774,188.0,0.0,-30.0
1488692199.152774,8,-6.0,-64.0,96.0,38.774,-76.0,3.0,-51.0
1488692199.441331,6,-6.0,-64.0,96.0,39.515,152.0,-52.0,-23.0
1488692199.665482,8,-6.0,-64.0,96.0,39.503,0.0,-274.0,3.0
1488692199.887666,8,-6.0,-64.0,96.0,39.503,-121.0,0.0,3.0
1488692200.17476,3,-7.0,-64.0,96.0,39.094,-264.0,259.0,-253.0
1488692200.398395,8,-5.0,-64.0,96.0,39.479,656.0,-1215.0,468.0
1488692200.621338,8,-5.0,-64.0,96.0,39.509,0.0,-509.0,214.0
1488692200.844758,8,-5.0,-64.0,96.0,38.774,0.0,-25.0,3.0
1488692201.068992,8,-6.0,-64.0,96.0,38.774,-59.0,-25.0,-84.0
1488692201.292838,8,-6.0,-64.0,96.0,39.515,-59.0,-47.0,130.0
1488692201.516186,8,-6.0,-64.0,96.0,38.774,3.0,3.0,3.0
1488692201.738952,8,-6.0,-65.0,96.0,38.774,0.0,0.0,3.0
1488692201.962791,8,-6.0,-65.0,96.0,39.515,-124.0,0.0,-4.0
1488692202.250059,1,-6.0,-65.0,96.0,38.785,-233.0,-31.0,-23.0
1488692202.473305,8,-7.0,-64.0,96.0,38.765,-58.0,24.0,-256.0
1488692202.696567,8,-6.0,-64.0,96.0,38.765,-39.0,0.0,-18.0
1488692202.919887,8,-6.0,-64.0,96.0,39.515,0.0,3.0,-25.0
1488692203.143389,8,-6.0,-65.0,96.0,38.765,-46.0,0.0,3.0
1488692203.367446,8,-6.0,-65.0,96.0,38.774,-102.0,-1.0,-33.0
1488692203.654569,4,-6.0,-65.0,96.0,38.785,-60.0,3.0,3.0
1488692203.878564,8,-5.0,-64.0,96.0,39.5,705.0,-1411.0,670.0
1488692204.101204,8,-5.0,-64.0,95.0,39.515,-333.0,149.0,-253.0
1488692204.388601,4,-5.0,-64.0,95.0,38.768,-256.0,0.0,3.0
1488692204.61233,8,-3.0,-63.0,95.0,39.432,779.0,-1814.0,771.0
1488692204.837213,8,-4.0,-62.0,95.0,39.509,-256.0,-752.0,242.0
1488692205.138531,4,-4.0,-62.0,95.0,38.765,-24.0,-272.0,228.0
1488692205.363144,8,-2.0,-61.0,97.0,39.506,1542.0,-1280.0,1539.0
1488692205.585504,8,-2.0,-61.0,95.0,39.515,-256.0,-243.0,3.0
1488692205.873161,3,-3.0,-62.0,95.0,38.774,-1.0,-188.0,-148.0
1488692206.096434,8,-3.0,-63.0,95.0,38.765,463.0,-253.0,515.0
1488692206.320792,8,-4.0,-63.0,95.0,38.765,0.0,259.0,3.0
1488692206.607477,0,-4.0,-64.0,94.0,39.515,-253.0,3.0,-1.0
1488692206.830788,8,-5.0,-64.0,94.0,38.765,-118.0,-253.0,3.0
1488692207.054601,8,-5.0,-64.0,93.0,38.768,-254.0,0.0,-256.0
1488692207.278518,8,-5.0,-64.0,93.0,38.785,-103.0,515.0,-72.0
1488692207.501502,8,-6.0,-63.0,94.0,39.509,-510.0,-544.0,390.0
1488692207.725063,8,-7.0,-63.0,94.0,38.785,-261.0,515.0,-509.0
1488692208.012242,7,-6.0,-64.0,94.0,38.774,164.0,132.0,-280.0
1488692208.236169,8,-5.0,-64.0,93.0,38.771,-28.0,676.0,-387.0
1488692208.459789,8,-4.0,-64.0,92.0,38.797,255.0,515.0,-120.0
1488692208.761701,3,-3.0,-63.0,91.0,38.768,-26.0,256.0,-253.0
1488692208.986407,8,-1.0,-63.0,91.0,38.771,259.0,512.0,747.0
1488692209.210667,8,-1.0,-62.0,92.0,38.765,216.0,-256.0,233.0
1488692209.496726,3,-1.0,-62.0,91.0,38.797,95.0,422.0,-311.0
1488692209.721316,8,1.0,-61.0,91.0,38.774,1787.0,1027.0,771.0
1488692209.943835,8,1.0,-60.0,91.0,39.515,188.0,-256.0,3.0
1488692210.232574,4,1.0,-60.0,90.0,38.785,-113.0,224.0,-36.0
1488692210.455196,8,2.0,-60.0,91.0,39.485,767.0,-2816.0,1523.0
1488692210.677993,8,1.0,-60.0,90.0,38.785,-327.0,259.0,-84.0
1488692210.966039,3,1.0,-59.0,89.0,38.768,-1.0,222.0,-253.0
1488692211.189445,8,2.0,-58.0,89.0,38.776,1026.0,959.0,515.0
1488692211.412053,8,1.0,-59.0,89.0,39.515,218.0,-66.0,3.0
1488692211.699728,4,1.0,-59.0,89.0,38.797,-1.0,259.0,-16.0
1488692211.923932,8,2.0,-60.0,90.0,39.491,1285.0,-2346.0,1422.0
1488692212.146381,8,2.0,-60.0,89.0,38.774,263.0,155.0,259.0
1488692212.434032,5,0.0,-61.0,89.0,39.515,-512.0,-253.0,138.0
1488692212.657429,8,0.0,-61.0,88.0,38.785,-29.0,238.0,-18.0
1488692212.880599,8,0.0,-61.0,88.0,38.765,-51.0,3.0,3.0
1488692213.168891,5,0.0,-60.0,88.0,38.768,3.0,406.0,3.0
1488692213.391431,8,0.0,-60.0,88.0,38.774,3.0,3.0,174.0
1488692213.615272,8,0.0,-61.0,88.0,39.515,-256.0,-86.0,164.0
1488692213.839815,8,-1.0,-60.0,89.0,38.785,-255.0,259.0,259.0
1488692214.065085,8,-1.0,-60.0,89.0,38.765,-32.0,171.0,3.0
1488692214.285851,8,-1.0,-60.0,90.0,38.765,-68.0,3.0,259.0
1488692214.572995,7,-1.0,-58.0,89.0,38.774,511.0,771.0,-253.0
1488692214.796495,8,0.0,-57.0,89.0,38.774,511.0,944.0,-253.0
1488692215.020236,8,0.0,-57.0,89.0,38.785,186.0,402.0,-253.0
1488692215.307163,2,0.0,-58.0,88.0,38.768,3.0,-227.0,-121.0
1488692215.530468,8,2.0,-64.0,88.0,39.491,212.0,-2406.0,1458.0
1488692215.754031,8,2.0,-60.0,87.0,38.774,251.0,182.0,-271.0
1488692216.041182,5,2.0,-58.0,87.0,39.515,-53.0,-68.0,3.0
1488692216.26455,8,2.0,-57.0,86.0,39.515,-37.0,0.0,3.0
1488692216.503644,8,2.0,-56.0,87.0,39.515,-30.0,-67.0,3.0
1488692216.791526,3,1.0,-56.0,87.0,38.765,-109.0,3.0,-253.0
1488692217.016044,8,2.0,-60.0,87.0,39.491,-18.0,-2171.0,1196.0
1488692217.238159,8,3.0,-58.0,87.0,38.765,511.0,168.0,-94.0
1488692217.526829,0,2.0,-58.0,88.0,39.509,-295.0,-608.0,431.0
1488692217.74921,8,0.0,-59.0,89.0,39.515,-261.0,-253.0,161.0
1488692217.973038,8,0.0,-60.0,89.0,39.515,-104.0,-256.0,-7.0
1488692218.260947,5,0.0,-60.0,89.0,38.765,-21.0,0.0,-253.0
1488692218.48341,8,0.0,-61.0,89.0,39.512,-291.0,-332.0,-69.0
1488692218.707925,8,0.0,-62.0,89.0,39.515,-69.0,-253.0,3.0
1488692218.994408,4,-1.0,-61.0,90.0,38.768,-256.0,168.0,3.0
1488692219.218031,8,0.0,-60.0,91.0,39.482,655.0,-2893.0,1539.0
1488692219.441344,8,0.0,-60.0,91.0,38.774,-362.0,0.0,3.0
1488692219.729103,6,0.0,-60.0,91.0,38.765,-25.0,3.0,3.0
1488692219.951979,8,0.0,-61.0,90.0,38.765,3.0,156.0,-6.0
1488692220.177018,8,0.0,-61.0,90.0,38.765,-24.0,0.0,3.0
1488692220.462748,1,0.0,-61.0,90.0,39.515,-70.0,3.0,3.0
1488692220.68636,8,0.0,-62.0,90.0,38.774,3.0,3.0,3.0
1488692220.910066,8,-1.0,-63.0,90.0,38.765,-52.0,3.0,3.0
1488692221.19736,5,-1.0,-62.0,90.0,39.515,-56.0,-33.0,3.0
1488692221.420702,8,-1.0,-62.0,90.0,39.515,-48.0,-44.0,3.0
1488692221.644414,8,-1.0,-63.0,90.0,38.771,128.0,633.0,-110.0
1488692221.931748,5,1.0,-71.0,89.0,39.485,1278.0,-2816.0,-509.0
1488692222.154641,8,2.0,-81.0,88.0,39.256,11.0,-5888.0,515.0
1488692222.378539,8,3.0,-74.0,100.0,39.424,2589.0,-7933.0,7427.0
1488692222.66634,5,-25.0,-73.0,-168.0,38.774,-514.0,259.0,-377.0
1488692222.890935,8,-42.0,-69.0,-168.0,39.474,2023.0,-3455.0,1687.0
1488692223.113727,8,-67.0,-69.0,-166.0,38.821,502.0,1027.0,-2557.0
1488692223.401316,4,-86.0,-68.0,-166.0,38.776,-1535.0,1027.0,2.0
1488692223.623505,8,-97.0,-66.0,-163.0,38.774,1027.0,512.0,190.0
1488692223.846917,8,-108.0,-68.0,-165.0,39.479,-2045.0,-1024.0,-71.0
1488692224.13445,6,-118.0,-70.0,-157.0,39.397,902.0,-2910.0,2051.0
1488692224.35798,8,-122.0,-66.0,-157.0,39.515,-298.0,-256.0,1283.0
1488692224.581343,8,-124.0,-65.0,-159.0,39.515,391.0,-64.0,-765.0
1488692224.868823,0,-128.0,-64.0,-165.0,38.809,-1589.0,3843.0,-2182.0
1488692225.092706,8,-124.0,-64.0,174.0,38.862,-2101.0,8451.0,-3446.0
1488692225.315579,8,-106.0,-68.0,158.0,38.788,-10.0,2008.0,-2578.0
1488692225.539084,8,-87.0,-71.0,145.0,38.779,224.0,1440.0,-810.0
1488692225.763389,8,-72.0,-72.0,135.0,39.047,213.0,3.0,-765.0
1488692225.990623,8,-56.0,-73.0,124.0,39.047,247.0,515.0,-765.0
1488692226.289693,3,-38.0,-74.0,111.0,38.774,716.0,169.0,-901.0
1488692226.512472,8,-25.0,-75.0,103.0,39.512,402.0,-269.0,156.0
1488692226.736691,8,-18.0,-74.0,99.0,39.094,-55.0,-512.0,-765.0
1488692226.960143,8,-12.0,-74.0,96.0,39.094,-1.0,-337.0,-253.0
1488692227.18294,8,-7.0,-74.0,93.0,39.141,-90.0,-61.0,-4.0
1488692227.406483,8,-5.0,-74.0,93.0,39.503,-253.0,-358.0,149.0
1488692227.693991,0,-2.0,-75.0,92.0,39.094,-15.0,-98.0,-10.0
1488692227.917748,8,-3.0,-75.0,94.0,39.094,-787.0,-1277.0,923.0
1488692228.142322,8,-8.0,-76.0,100.0,39.509,-510.0,-512.0,732.0
1488692228.428083,6,-13.0,-77.0,106.0,39.512,-511.0,-328.0,397.0
1488692228.652356,8,-19.0,-77.0,112.0,39.094,-256.0,-95.0,168.0
1488692228.875853,8,-24.0,-78.0,117.0,38.774,-114.0,3.0,151.0
1488692229.162833,1,-29.0,-78.0,122.0,38.765,-253.0,3.0,147.0
1488692229.386476,8,-33.0,-78.0,126.0,38.765,-253.0,3.0,3.0
1488692229.609273,8,-36.0,-78.0,129.0,39.188,-48.0,0.0,3.0
1488692229.896558,3,-39.0,-78.0,131.0,38.768,-1.0,239.0,-120.0
1488692230.119917,8,-45.0,-77.0,138.0,38.809,2.0,680.0,515.0
1488692230.343572,8,-47.0,-76.0,140.0,39.141,-253.0,-253.0,125.0
1488692230.633971,0,-48.0,-77.0,140.0,39.094,164.0,208.0,-93.0
1488692230.870389,8,-48.0,-77.0,140.0,39.141,-37.0,0.0,-61.0
1488692231.094095,8,-49.0,-77.0,141.0,38.774,255.0,222.0,3.0
1488692231.382854,1,-49.0,-77.0,141.0,39.188,-51.0,138.0,-19.0
1488692231.620037,8,-50.0,-77.0,141.0,39.094,255.0,3.0,-82.0
1488692231.844423,8,-51.0,-77.0,142.0,38.774,126.0,0.0,3.0
1488692232.131534,0,-51.0,-77.0,142.0,39.188,0.0,-45.0,3.0
1488692232.354804,8,-51.0,-77.0,142.0,38.774,0.0,3.0,3.0
1488692232.578114,8,-51.0,-77.0,142.0,39.235,255.0,-30.0,-6.0
1488692232.865615,3,-51.0,-77.0,141.0,39.141,-69.0,3.0,-253.0
1488692233.089003,8,-52.0,-77.0,143.0,38.771,1276.0,518.0,-765.0
1488692233.312969,8,-52.0,-77.0,142.0,39.235,159.0,-73.0,-115.0
1488692233.600168,3,-50.0,-78.0,140.0,39.188,-115.0,475.0,-45.0
1488692233.824451,8,-51.0,-76.0,142.0,39.282,515.0,-253.0,771.0
1488692234.048833,8,-50.0,-76.0,140.0,39.235,-511.0,-253.0,259.0
1488692234.33421,7,-49.0,-76.0,139.0,39.282,-256.0,3.0,3.0
1488692234.557452,8,-49.0,-77.0,139.0,39.235,-66.0,-133.0,3.0
1488692234.781889,8,-47.0,-77.0,137.0,39.235,-35.0,0.0,-32.0
1488692235.06843,1,-48.0,-77.0,137.0,39.235,-15.0,209.0,-55.0
1488692235.292874,8,-49.0,-78.0,138.0,39.282,-52.0,165.0,-53.0
1488692235.515656,8,-48.0,-77.0,138.0,39.282,-68.0,3.0,-4.0
1488692235.803498,5,-49.0,-78.0,138.0,39.282,0.0,96.0,-6.0
1488692236.026702,8,-47.0,-77.0,137.0,39.282,-130.0,3.0,3.0
1488692236.249601,8,-47.0,-77.0,136.0,39.329,-253.0,0.0,3.0
1488692236.473298,8,-46.0,-77.0,136.0,39.235,-72.0,3.0,3.0
1488692236.696741,8,-46.0,-77.0,136.0,39.282,-6.0,-26.0,3.0
1488692236.920024,8,-46.0,-77.0,136.0,39.282,255.0,0.0,-49.0
1488692237.20775,3,-45.0,-77.0,135.0,39.235,-86.0,238.0,-132.0
1488692237.431032,8,-46.0,-77.0,136.0,39.329,632.0,392.0,-253.0
1488692237.655468,8,-47.0,-77.0,137.0,39.424,191.0,-253.0,-11.0
1488692237.942247,4,-47.0,-78.0,137.0,39.282,-104.0,256.0,3.0
1488692238.166081,8,-46.0,-74.0,138.0,39.282,1517.0,-1330.0,-286.0
1488692238.388602,8,-46.0,-75.0,138.0,39.282,511.0,-326.0,-106.0
1488692238.677101,2,-46.0,-76.0,138.0,39.376,114.0,-501.0,-89.0
1488692238.899398,8,-49.0,-77.0,139.0,39.235,6.0,803.0,-1063.0
1488692239.12329,8,-47.0,-77.0,137.0,39.376,-1.0,259.0,-80.0
1488692239.412084,3,-45.0,-78.0,135.0,39.424,168.0,-8.0,-60.0
1488692239.633682,8,-46.0,-80.0,136.0,39.376,-1001.0,3.0,1261.0
1488692239.857951,8,-43.0,-80.0,133.0,39.282,7.0,-389.0,259.0
1488692240.159922,7,-43.0,-81.0,133.0,39.424,-253.0,150.0,-254.0
1488692240.383972,8,-43.0,-81.0,132.0,39.329,255.0,0.0,-79.0
1488692240.607924,8,-42.0,-80.0,132.0,39.376,-25.0,-51.0,3.0
1488692240.894522,3,-43.0,-80.0,132.0,39.376,-74.0,217.0,3.0
1488692241.118442,8,-45.0,-81.0,135.0,39.424,111.0,663.0,-115.0
1488692241.344825,8,-45.0,-80.0,136.0,39.471,511.0,3.0,-58.0
1488692241.64502,6,-46.0,-80.0,136.0,39.376,-32.0,259.0,-77.0
1488692241.868157,8,-45.0,-80.0,135.0,39.424,-54.0,256.0,-64.0
1488692242.091981,8,-44.0,-80.0,133.0,39.424,-8.0,-35.0,3.0
1488692242.379489,0,-44.0,-79.0,134.0,39.376,-108.0,-246.0,-50.0
1488692242.602467,8,-43.0,-79.0,133.0,39.376,-33.0,0.0,-44.0
1488692242.826476,8,-42.0,-79.0,132.0,39.376,-41.0,0.0,-33.0
1488692243.113293,7,-42.0,-79.0,132.0,39.424,0.0,152.0,3.0
1488692243.336954,8,-41.0,-79.0,131.0,39.471,-38.0,-2.0,-5.0
1488692243.560365,8,-40.0,-79.0,130.0,39.329,0.0,181.0,-2.0
1488692243.847754,7,-41.0,-79.0,131.0,39.424,255.0,85.0,-42.0
1488692244.071205,8,-41.0,-79.0,131.0,39.424,3.0,3.0,3.0
1488692244.294484,8,-40.0,-79.0,130.0,39.424,255.0,-54.0,-44.0
1488692244.582019,6,-41.0,-79.0,131.0,39.471,3.0,-243.0,3.0
1488692244.808846,8,-41.0,-79.0,131.0,39.376,0.0,118.0,3.0
1488692245.04459,8,-42.0,-79.0,132.0,39.424,0.0,0.0,3.0
1488692245.332124,6,-42.0,-80.0,133.0,39.424,255.0,259.0,3.0
1488692245.55603,8,-43.0,-80.0,133.0,38.765,-24.0,0.0,-56.0
1488692245.779303,8,-43.0,-80.0,133.0,39.471,-88.0,118.0,3.0
1488692246.067909,1,-42.0,-80.0,130.0,39.376,-265.0,758.0,-765.0
1488692246.29078,8,-40.0,-79.0,127.0,38.765,-283.0,-67.0,-765.0
1488692246.513199,8,-34.0,-79.0,123.0,39.424,948.0,-251.0,3.0
1488692246.801075,5,-32.0,-79.0,124.0,38.765,437.0,-17.0,738.0
1488692247.024186,8,-32.0,-79.0,123.0,39.329,-501.0,122.0,738.0
1488692247.248178,8,-32.0,-80.0,124.0,39.471,405.0,525.0,711.0
1488692247.535003,0,-30.0,-79.0,124.0,39.376,167.0,-591.0,1283.0
1488692247.759223,8,-34.0,-78.0,129.0,40.232,737.0,-1024.0,516.0
1488692247.982708,8,-39.0,-78.0,133.0,39.424,167.0,0.0,707.0
1488692248.269705,2,-42.0,-77.0,135.0,39.526,-100.0,942.0,-19.0
1488692248.493453,8,-47.0,-76.0,142.0,39.376,547.0,739.0,1959.0
1488692248.717072,8,-50.0,-75.0,143.0,39.424,-489.0,768.0,1032.0
1488692249.018886,6,-52.0,-73.0,144.0,40.268,-28.0,0.0,3.0
1488692249.243678,8,-53.0,-73.0,143.0,39.471,3.0,259.0,3.0
1488692249.466154,8,-53.0,-73.0,142.0,40.268,-71.0,-69.0,134.0
1488692249.753827,2,-53.0,-73.0,142.0,38.765,-104.0,-234.0,3.0
1488692249.977373,8,-57.0,-74.0,146.0,38.765,-54.0,2208.0,771.0
1488692250.20127,8,-55.0,-74.0,143.0,39.424,-581.0,259.0,435.0
1488692250.487625,2,-54.0,-73.0,141.0,39.471,-1.0,259.0,-253.0
1488692250.711262,8,-57.0,-72.0,144.0,39.529,-1032.0,1027.0,771.0
1488692250.936161,8,-56.0,-72.0,143.0,40.268,-354.0,3.0,-253.0
1488692251.222216,0,-56.0,-73.0,143.0,39.376,-249.0,-220.0,259.0
1488692251.445494,8,-55.0,-73.0,143.0,39.376,-106.0,-253.0,-16.0
1488692251.671381,8,-54.0,-73.0,142.0,39.471,255.0,212.0,-90.0
1488692251.971992,4,-54.0,-73.0,142.0,39.471,-256.0,-201.0,3.0
1488692252.195981,8,-51.0,-71.0,139.0,39.329,759.0,-525.0,-765.0
1488692252.419756,8,-53.0,-71.0,142.0,39.424,-509.0,0.0,259.0
1488692252.706863,3,-55.0,-71.0,142.0,38.765,-156.0,3.0,-399.0
